pclass,name,sex,age,sibsp,parch,ticket,fare,cabin,embarked,survived
2,"Mellinger, Miss. Madeleine Violet",0,13.0,0,1,250644,19.5,,S,1
2,"Wells, Miss. Joan",0,4.0,1,1,29103,23.0,,S,1
2,"Duran y More, Miss. Florentina",0,30.0,1,0,SC/PARIS 2148,13.8583,,C,1
3,"Bradley, Miss. Bridget Delia",0,22.0,0,0,334914,7.725,,Q,1
1,"Francatelli, Miss. Laura Mabel",0,30.0,0,0,PC 17485,56.9292,E36,C,1
2,"Quick, Miss. Phyllis May",0,2.0,1,1,26360,26.0,,S,1
1,"Thayer, Mr. John Borland",1,49.0,1,1,17421,110.8833,C68,C,0
1,"Silverthorne, Mr. Spencer Victor",1,35.0,0,0,PC 17475,26.2875,E24,S,1
2,"Wells, Master. Ralph Lester",1,2.0,1,1,29103,23.0,,S,1
2,"Louch, Mrs. Charles Alexander (Alice Adelaide Slow)",0,42.0,1,0,SC/AH 3085,26.0,,S,1
1,"Allison, Miss. Helen Loraine",0,2.0,1,2,113781,151.55,C22 C26,S,0
2,"Fahlstrom, Mr. Arne Jonas",1,18.0,0,0,236171,13.0,,S,0
2,"Beauchamp, Mr. Henry James",1,28.0,0,0,244358,26.0,,S,0
2,"Butler, Mr. Reginald Fenton",1,25.0,0,0,234686,13.0,,S,0
3,"Madsen, Mr. Fridtjof Arne",1,24.0,0,0,C 17369,7.1417,,S,1
1,"LeRoy, Miss. Bertha",0,30.0,0,0,PC 17761,106.425,,C,1
3,"Baclini, Miss. Eugenie",0,0.75,2,1,2666,19.2583,,C,1
3,"Johansson, Mr. Gustaf Joel",1,33.0,0,0,7540,8.6542,,S,0
3,"Chronopoulos, Mr. Apostolos",1,26.0,1,0,2680,14.4542,,C,0
3,"Rice, Master. Arthur",1,4.0,4,1,382652,29.125,,Q,0
2,"Nourney, Mr. Alfred (""Baron von Drachstedt"")",1,20.0,0,0,SC/PARIS 2166,13.8625,D38,C,1
3,"Van Impe, Mrs. Jean Baptiste (Rosalie Paula Govaert)",0,30.0,1,1,345773,24.15,,S,0
2,"Doling, Miss. Elsie",0,18.0,0,1,231919,23.0,,S,1
3,"Jonsson, Mr. Carl",1,32.0,0,0,350417,7.8542,,S,1
1,"Stahelin-Maeglin, Dr. Max",1,32.0,0,0,13214,30.5,B50,C,1
1,"Roebling, Mr. Washington Augustus II",1,31.0,0,0,PC 17590,50.4958,A24,S,0
3,"Tornquist, Mr. William Henry",1,25.0,0,0,LINE,0.0,,S,1
3,"Olsen, Mr. Karl Siegwart Andreas",1,42.0,0,1,4579,8.4042,,S,0
1,"Foreman, Mr. Benjamin Laventall",1,30.0,0,0,113051,27.75,C111,C,0
3,"Zakarian, Mr. Mapriededer",1,26.5,0,0,2656,7.225,,C,0
3,"Goldsmith, Mr. Nathan",1,41.0,0,0,SOTON/O.Q. 3101263,7.85,,S,0
3,"Pavlovic, Mr. Stefo",1,32.0,0,0,349242,7.8958,,S,0
3,"Nakid, Miss. Maria (""Mary"")",0,1.0,0,2,2653,15.7417,,C,1
2,"Swane, Mr. George",1,18.5,0,0,248734,13.0,F,S,0
3,"Alhomaki, Mr. Ilmari Rudolf",1,20.0,0,0,SOTON/O2 3101287,7.925,,S,0
3,"Haas, Miss. Aloisia",0,24.0,0,0,349236,8.85,,S,0
2,"Chapman, Mr. Charles Henry",1,52.0,0,0,248731,13.5,,S,0
3,"Backstrom, Mr. Karl Alfred",1,32.0,1,0,3101278,15.85,,S,0
3,"Windelov, Mr. Einar",1,21.0,0,0,SOTON/OQ 3101317,7.25,,S,0
1,"McCaffry, Mr. Thomas Francis",1,46.0,0,0,13050,75.2417,C6,C,0
1,"Stead, Mr. William Thomas",1,62.0,0,0,113514,26.55,C87,S,0
1,"Chambers, Mrs. Norman Campbell (Bertha Griggs)",0,33.0,1,0,113806,53.1,E8,S,1
2,"Laroche, Mrs. Joseph (Juliette Marie Louise Lafargue)",0,22.0,1,2,SC/Paris 2123,41.5792,,C,1
3,"Allum, Mr. Owen George",1,18.0,0,0,2223,8.3,,S,0
3,"Johansson, Mr. Karl Johan",1,31.0,0,0,347063,7.775,,S,0
1,"Snyder, Mrs. John Pillsbury (Nelle Stevenson)",0,23.0,1,0,21228,82.2667,B45,S,1
1,"Hoyt, Mr. Frederick Maxfield",1,38.0,1,0,19943,90.0,C93,S,1
3,"de Pelsmaeker, Mr. Alfons",1,16.0,0,0,345778,9.5,,S,0
2,"West, Mr. Edwy Arthur",1,36.0,1,2,C.A. 34651,27.75,,S,0
3,"Landergren, Miss. Aurora Adelia",0,22.0,0,0,C 7077,7.25,,S,1
3,"Waelens, Mr. Achille",1,22.0,0,0,345767,9.0,,S,0
1,"Lines, Mrs. Ernest H (Elizabeth Lindsey James)",0,51.0,0,1,PC 17592,39.4,D28,S,1
3,"Duquemin, Mr. Joseph",1,24.0,0,0,S.O./P.P. 752,7.55,,S,1
3,"Goncalves, Mr. Manuel Estanslas",1,38.0,0,0,SOTON/O.Q. 3101306,7.05,,S,0
3,"Connaghton, Mr. Michael",1,31.0,0,0,335097,7.75,,Q,0
1,"Williams, Mr. Charles Duane",1,51.0,0,1,PC 17597,61.3792,,C,0
1,"Newell, Miss. Marjorie",0,23.0,1,0,35273,113.275,D36,C,1
3,"Petterson, Mr. Johan Emil",1,25.0,1,0,347076,7.775,,S,0
3,"Sivic, Mr. Husein",1,40.0,0,0,349251,7.8958,,S,0
3,"Asplund, Mr. Carl Oscar Vilhelm Gustafsson",1,40.0,1,5,347077,31.3875,,S,0
2,"Cameron, Miss. Clear Annie",0,35.0,0,0,F.C.C. 13528,21.0,,S,1
3,"Sjoblom, Miss. Anna Sofia",0,18.0,0,0,3101265,7.4958,,S,1
1,"Shutes, Miss. Elizabeth W",0,40.0,0,0,PC 17582,153.4625,C125,S,1
1,"Beattie, Mr. Thomson",1,36.0,0,0,13050,75.2417,C6,C,0
1,"Sagesser, Mlle. Emma",0,24.0,0,0,PC 17477,69.3,B35,C,1
1,"Blackwell, Mr. Stephen Weart",1,45.0,0,0,113784,35.5,T,S,0
3,"Vander Planke, Miss. Augusta Maria",0,18.0,2,0,345764,18.0,,S,0
3,"Braf, Miss. Elin Ester Maria",0,20.0,0,0,347471,7.8542,,S,0
1,"Perreault, Miss. Anne",0,30.0,0,0,12749,93.5,B73,S,1
2,"Jenkin, Mr. Stephen Curnow",1,32.0,0,0,C.A. 33111,10.5,,S,0
3,"Rosblom, Miss. Salli Helena",0,2.0,1,1,370129,20.2125,,S,0
3,"Bing, Mr. Lee",1,32.0,0,0,1601,56.4958,,S,1
1,"Ryerson, Mrs. Arthur Larned (Emily Maria Borie)",0,48.0,1,3,PC 17608,262.375,B57 B59 B63 B66,C,1
3,"Vanden Steen, Mr. Leo Peter",1,28.0,0,0,345783,9.5,,S,0
3,"Andersson, Mr. Anders Johan",1,39.0,1,5,347082,31.275,,S,0
3,"Cor, Mr. Liudevit",1,19.0,0,0,349231,7.8958,,S,0
3,"Sunderland, Mr. Victor Francis",1,16.0,0,0,SOTON/OQ 392089,8.05,,S,1
2,"Rugg, Miss. Emily",0,21.0,0,0,C.A. 31026,10.5,,S,1
1,"Simonius-Blumer, Col. Oberst Alfons",1,56.0,0,0,13213,35.5,A26,C,1
3,"Salander, Mr. Karl Johan",1,24.0,0,0,7266,9.325,,S,0
1,"Dulles, Mr. William Crothers",1,39.0,0,0,PC 17580,29.7,A18,C,0
3,"Lundstrom, Mr. Thure Edvin",1,32.0,0,0,350403,7.5792,,S,1
3,"Ilmakangas, Miss. Ida Livija",0,27.0,1,0,STON/O2. 3101270,7.925,,S,0
3,"Dean, Mr. Bertram Frank",1,26.0,1,2,C.A. 2315,20.575,,S,0
3,"Panula, Mr. Jaako Arnold",1,14.0,4,1,3101295,39.6875,,S,0
1,"Willard, Miss. Constance",0,21.0,0,0,113795,26.55,,S,1
3,"Drapkin, Miss. Jennie",0,23.0,0,0,SOTON/OQ 392083,8.05,,S,1
1,"Carter, Master. William Thornton II",1,11.0,1,2,113760,120.0,B96 B98,S,1
3,"Danbom, Mr. Ernst Gilbert",1,34.0,1,1,347080,14.4,,S,0
3,"Lobb, Mr. William Arthur",1,30.0,1,0,A/5. 3336,16.1,,S,0
2,"Lingane, Mr. John",1,61.0,0,0,235509,12.35,,Q,0
2,"Kelly, Mrs. Florence ""Fannie""",0,45.0,0,0,223596,13.5,,S,1
3,"Sandstrom, Mrs. Hjalmar (Agnes Charlotta Bengtsson)",0,24.0,0,2,PP 9549,16.7,G6,S,1
3,"Lobb, Mrs. William Arthur (Cordelia K Stanlick)",0,26.0,1,0,A/5. 3336,16.1,,S,0
3,"Davies, Mr. John Samuel",1,21.0,2,0,A/4 48871,24.15,,S,0
3,"Eklund, Mr. Hans Linus",1,16.0,0,0,347074,7.775,,S,0
3,"Ohman, Miss. Velin",0,22.0,0,0,347085,7.775,,S,1
2,"Carter, Rev. Ernest Courtenay",1,54.0,1,0,244252,26.0,,S,0
3,"Dyker, Mr. Adolf Fredrik",1,23.0,1,0,347072,13.9,,S,0
1,"Minahan, Dr. William Edward",1,44.0,2,0,19928,90.0,C78,Q,0
1,"Cornell, Mrs. Robert Clifford (Malvina Helen Lamson)",0,55.0,2,0,11770,25.7,C101,S,1
1,"Longley, Miss. Gretchen Fiske",0,21.0,0,0,13502,77.9583,D9,S,1
2,"Mallet, Master. Andre",1,1.0,0,2,S.C./PARIS 2079,37.0042,,C,1
1,"Harper, Mr. Henry Sleeper",1,48.0,1,0,PC 17572,76.7292,D33,C,1
3,"Baccos, Mr. Raffull",1,20.0,0,0,2679,7.225,,C,0
2,"Hunt, Mr. George Henry",1,33.0,0,0,SCO/W 1585,12.275,,S,0
1,"Harder, Mrs. George Achilles (Dorothy Annan)",0,25.0,1,0,11765,55.4417,E50,C,1
3,"Henriksson, Miss. Jenny Lovisa",0,28.0,0,0,347086,7.775,,S,0
3,"Karaic, Mr. Milan",1,30.0,0,0,349246,7.8958,,S,0
2,"Reynaldo, Ms. Encarnacion",0,28.0,0,0,230434,13.0,,S,1
3,"Angheloff, Mr. Minko",1,26.0,0,0,349202,7.8958,,S,0
1,"Crosby, Mrs. Edward Gifford (Catherine Elizabeth Halstead)",0,64.0,1,1,112901,26.55,B26,S,1
1,"Hays, Mr. Charles Melville",1,55.0,1,1,12749,93.5,B69,S,0
3,"Moor, Mrs. (Beila)",0,27.0,0,1,392096,12.475,E121,S,1
3,"Sap, Mr. Julius",1,25.0,0,0,345768,9.5,,S,1
1,"Futrelle, Mrs. Jacques Heath (Lily May Peel)",0,35.0,1,0,113803,53.1,C123,S,1
2,"Eitemiller, Mr. George Floyd",1,23.0,0,0,29751,13.0,,S,0
1,"Harrison, Mr. William",1,40.0,0,0,112059,0.0,B94,S,0
3,"Celotti, Mr. Francesco",1,24.0,0,0,343275,8.05,,S,0
2,"Gale, Mr. Harry",1,38.0,1,0,28664,21.0,,S,0
3,"Carver, Mr. Alfred John",1,28.0,0,0,392095,7.25,,S,0
3,"Strandberg, Miss. Ida Sofia",0,22.0,0,0,7553,9.8375,,S,0
3,"Cor, Mr. Bartol",1,35.0,0,0,349230,7.8958,,S,0
3,"Nicola-Yarred, Master. Elias",1,12.0,1,0,2651,11.2417,,C,1
2,"Brown, Mrs. Thomas William Solomon (Elizabeth Catherine Ford)",0,40.0,1,1,29750,39.0,,S,1
1,"Dodge, Mrs. Washington (Ruth Vidaver)",0,54.0,1,1,33638,81.8583,A34,S,1
2,"Levy, Mr. Rene Jacques",1,36.0,0,0,SC/Paris 2163,12.875,D,C,0
1,"Harder, Mr. George Achilles",1,25.0,1,0,11765,55.4417,E50,C,1
3,"Badt, Mr. Mohamed",1,40.0,0,0,2623,7.225,,C,0
1,"Hipkins, Mr. William Edward",1,55.0,0,0,680,50.0,C39,S,0
2,"Rogers, Mr. Reginald Harry",1,19.0,0,0,28004,10.5,,S,0
3,"Augustsson, Mr. Albert",1,23.0,0,0,347468,7.8542,,S,0
3,"Leeni, Mr. Fahim (""Philip Zenni"")",1,22.0,0,0,2620,7.225,,C,1
3,"Hirvonen, Mrs. Alexander (Helga E Lindqvist)",0,22.0,1,1,3101298,12.2875,,S,1
3,"Cook, Mr. Jacob",1,43.0,0,0,A/5 3536,8.05,,S,0
1,"Ringhini, Mr. Sante",1,22.0,0,0,PC 17760,135.6333,,C,0
1,"Ovies y Rodriguez, Mr. Servando",1,28.5,0,0,PC 17562,27.7208,D43,C,0
3,"Riihivouri, Miss. Susanna Juhantytar ""Sanni""",0,22.0,0,0,3101295,39.6875,,S,0
3,"Larsson, Mr. August Viktor",1,29.0,0,0,7545,9.4833,,S,0
3,"Davies, Mr. Alfred J",1,24.0,2,0,A/4 48871,24.15,,S,0
3,"Cann, Mr. Ernest Charles",1,21.0,0,0,A./5. 2152,8.05,,S,0
2,"Ware, Mr. John James",1,30.0,1,0,CA 31352,21.0,,S,0
1,"Chaffee, Mr. Herbert Fuller",1,46.0,1,0,W.E.P. 5734,61.175,E31,S,0
1,"Madill, Miss. Georgette Alexandra",0,15.0,0,1,24160,211.3375,B5,S,1
1,"Leader, Dr. Alice (Farnham)",0,49.0,0,0,17465,25.9292,D17,S,1
3,"Charters, Mr. David",1,21.0,0,0,A/5. 13032,7.7333,,Q,0
2,"Nye, Mrs. (Elizabeth Ramell)",0,29.0,0,0,C.A. 29395,10.5,F33,S,1
3,"Badman, Miss. Emily Louisa",0,18.0,0,0,A/4 31416,8.05,,S,1
3,"Laitinen, Miss. Kristina Sofia",0,37.0,0,0,4135,9.5875,,S,0
2,"Watt, Mrs. James (Elizabeth ""Bessie"" Inglis Milne)",0,40.0,0,0,C.A. 33595,15.75,,S,1
2,"Bailey, Mr. Percy Andrew",1,18.0,0,0,29108,11.5,,S,0
1,"Silvey, Mr. William Baird",1,50.0,1,0,13507,55.9,E44,S,0
1,"Andrews, Miss. Kornelia Theodosia",0,63.0,1,0,13502,77.9583,D7,S,1
1,"Smart, Mr. John Montgomery",1,56.0,0,0,113792,26.55,,S,0
1,"Brady, Mr. John Bertram",1,41.0,0,0,113054,30.5,A21,S,0
3,"Vande Velde, Mr. Johannes Joseph",1,33.0,0,0,345780,9.5,,S,0
2,"Renouf, Mrs. Peter Henry (Lillian Jefferys)",0,30.0,3,0,31027,21.0,,S,1
3,"Andersen-Jensen, Miss. Carla Christine Nielsine",0,19.0,1,0,350046,7.8542,,S,1
1,"Evans, Miss. Edith Corse",0,36.0,0,0,PC 17531,31.6792,A29,C,0
3,"Niskanen, Mr. Juha",1,39.0,0,0,STON/O 2. 3101289,7.925,,S,1
2,"Lemore, Mrs. (Amelia Milley)",0,34.0,0,0,C.A. 34260,10.5,F33,S,1
3,"Johnson, Mrs. Oscar W (Elisabeth Vilhelmina Berg)",0,27.0,0,2,347742,11.1333,,S,1
1,"Beckwith, Mr. Richard Leonard",1,37.0,1,1,11751,52.5542,D35,S,1
1,"Rosenbaum, Miss. Edith Louise",0,33.0,0,0,PC 17613,27.7208,A11,C,1
1,"Cardeza, Mrs. James Warburton Martinez (Charlotte Wardle Drake)",0,58.0,0,1,PC 17755,512.3292,B51 B53 B55,C,1
1,"Holverson, Mr. Alexander Oskar",1,42.0,1,0,113789,52.0,,S,0
3,"Goodwin, Mr. Charles Edward",1,14.0,5,2,CA 2144,46.9,,S,0
3,"Daly, Mr. Eugene Patrick",1,29.0,0,0,382651,7.75,,Q,1
3,"Hansen, Mr. Claus Peter",1,41.0,2,0,350026,14.1083,,S,0
1,"Walker, Mr. William Anderson",1,47.0,0,0,36967,34.0208,D46,S,0
1,"Julian, Mr. Henry Forbes",1,50.0,0,0,113044,26.0,E60,S,0
3,"Jensen, Mr. Niels Peder",1,48.0,0,0,350047,7.8542,,S,0
3,"Wirz, Mr. Albert",1,27.0,0,0,315154,8.6625,,S,0
3,"Barry, Miss. Julia",0,27.0,0,0,330844,7.8792,,Q,0
3,"Jussila, Miss. Katriina",0,20.0,1,0,4136,9.825,,S,0
3,"Strom, Mrs. Wilhelm (Elna Matilda Persson)",0,29.0,1,1,347054,10.4625,G6,S,0
1,"Molson, Mr. Harry Markland",1,55.0,0,0,113787,30.5,C30,S,0
2,"Bentham, Miss. Lilian W",0,19.0,0,0,28404,13.0,,S,1
1,"White, Mr. Percival Wayland",1,54.0,0,1,35281,77.2875,D26,S,0
1,"Nicholson, Mr. Arthur Ernest",1,64.0,0,0,693,26.0,,S,0
1,"Taussig, Miss. Ruth",0,18.0,0,2,110413,79.65,E68,S,1
2,"Collyer, Mr. Harvey",1,31.0,1,1,C.A. 31921,26.25,,S,0
1,"Hoyt, Mrs. Frederick Maxfield (Jane Anne Forby)",0,35.0,1,0,19943,90.0,C93,S,1
2,"Giles, Mr. Ralph",1,24.0,0,0,248726,13.5,,S,0
3,"Lundin, Miss. Olga Elida",0,23.0,0,0,347469,7.8542,,S,1
3,"Ali, Mr. Ahmed",1,24.0,0,0,SOTON/O.Q. 3101311,7.05,,S,0
1,"Aubart, Mme. Leontine Pauline",0,24.0,0,0,PC 17477,69.3,B35,C,1
2,"Otter, Mr. Richard",1,39.0,0,0,28213,13.0,,S,0
1,"Chevre, Mr. Paul Romaine",1,45.0,0,0,PC 17594,29.7,A9,C,1
1,"Davidson, Mrs. Thornton (Orian Hays)",0,27.0,1,2,F.C. 12750,52.0,B71,S,1
3,"Leinonen, Mr. Antti Gustaf",1,32.0,0,0,STON/O 2. 3101292,7.925,,S,0
2,"Cook, Mrs. (Selena Rogers)",0,22.0,0,0,W./C. 14266,10.5,F33,S,1
2,"Clarke, Mr. Charles Valentine",1,29.0,1,0,2003,26.0,,S,0
1,"Serepeca, Miss. Augusta",0,30.0,0,0,113798,31.0,,C,1
3,"Crease, Mr. Ernest James",1,19.0,0,0,S.P. 3464,8.1583,,S,0
1,"Warren, Mrs. Frank Manley (Anna Sophia Atkinson)",0,60.0,1,0,110813,75.25,D37,C,1
3,"van Billiard, Mr. Austin Blyler",1,40.5,0,2,A/5. 851,14.5,,S,0
3,"Barbara, Miss. Saiide",0,18.0,0,1,2691,14.4542,,C,0
1,"Brown, Mrs. John Murray (Caroline Lane Lamson)",0,59.0,2,0,11769,51.4792,C101,S,1
1,"Minahan, Mrs. William Edward (Lillian E Thorpe)",0,37.0,1,0,19928,90.0,C78,Q,1
3,"Rouse, Mr. Richard Henry",1,50.0,0,0,A/5 3594,8.05,,S,0
3,"Dantcheff, Mr. Ristiu",1,25.0,0,0,349203,7.8958,,S,0
2,"Wilhelms, Mr. Charles",1,31.0,0,0,244270,13.0,,S,1
2,"Navratil, Master. Michel M",1,3.0,1,1,230080,26.0,F2,S,1
1,"Straus, Mr. Isidor",1,67.0,1,0,PC 17483,221.7792,C55 C57,S,0
3,"Mionoff, Mr. Stoytcho",1,28.0,0,0,349207,7.8958,,S,0
1,"Clark, Mr. Walter Miller",1,27.0,1,0,13508,136.7792,C89,C,0
2,"Sjostedt, Mr. Ernst Adolf",1,59.0,0,0,237442,13.5,,S,0
3,"Strom, Miss. Telma Matilda",0,2.0,0,1,347054,10.4625,G6,S,0
3,"Stanley, Miss. Amy Zillah Elsie",0,23.0,0,0,CA. 2314,7.55,,S,1
2,"Mallet, Mr. Albert",1,31.0,1,1,S.C./PARIS 2079,37.0042,,C,0
1,"Fortune, Mrs. Mark (Mary McDougald)",0,60.0,1,4,19950,263.0,C23 C25 C27,S,1
1,"Compton, Miss. Sara Rebecca",0,39.0,1,1,PC 17756,83.1583,E49,C,1
1,"Candee, Mrs. Edward (Helen Churchill Hungerford)",0,53.0,0,0,PC 17606,27.4458,,C,1
3,"Braund, Mr. Owen Harris",1,22.0,1,0,A/5 21171,7.25,,S,0
3,"Salkjelsvik, Miss. Anna Kristine",0,21.0,0,0,343120,7.65,,S,1
2,"Baimbrigge, Mr. Charles Robert",1,23.0,0,0,C.A. 31030,10.5,,S,0
2,"Veal, Mr. James",1,40.0,0,0,28221,13.0,,S,0
3,"Andersson, Master. Sigvard Harald Elias",1,4.0,4,2,347082,31.275,,S,0
2,"Smith, Miss. Marion Elsie",0,40.0,0,0,31418,13.0,,S,1
3,"Delalic, Mr. Redjo",1,25.0,0,0,349250,7.8958,,S,0
2,"Fox, Mr. Stanley Hubert",1,36.0,0,0,229236,13.0,,S,0
3,"Youseff, Mr. Gerious",1,45.5,0,0,2628,7.225,,C,0
3,"Gronnestad, Mr. Daniel Danielsen",1,32.0,0,0,8471,8.3625,,S,0
1,"Swift, Mrs. Frederick Joel (Margaret Welles Barron)",0,48.0,0,0,17466,25.9292,D17,S,1
3,"Andersson, Mr. August Edvard (""Wennerstrom"")",1,27.0,0,0,350043,7.7958,,S,1
2,"Beane, Mrs. Edward (Ethel Clarke)",0,19.0,1,0,2908,26.0,,S,1
3,"Sutehall, Mr. Henry Jr",1,25.0,0,0,SOTON/OQ 392076,7.05,,S,0
2,"Matthews, Mr. William John",1,30.0,0,0,28228,13.0,,S,0
3,"Holthen, Mr. Johan Martin",1,28.0,0,0,C 4001,22.525,,S,0
2,"Jefferys, Mr. Clifford Thomas",1,24.0,2,0,C.A. 31029,31.5,,S,0
3,"Goodwin, Miss. Lillian Amy",0,16.0,5,2,CA 2144,46.9,,S,0
2,"Herman, Mr. Samuel",1,49.0,1,2,220845,65.0,,S,0
1,"Kimball, Mr. Edwin Nelson Jr",1,42.0,1,0,11753,52.5542,D19,S,1
3,"Mangan, Miss. Mary",0,30.5,0,0,364850,7.75,,Q,0
2,"Givard, Mr. Hans Kristensen",1,30.0,0,0,250646,13.0,,S,0
2,"Aldworth, Mr. Charles Augustus",1,30.0,0,0,248744,13.0,,S,0
3,"Barah, Mr. Hanna Assi",1,20.0,0,0,2663,7.2292,,C,1
2,"Brown, Miss. Edith Eileen",0,15.0,0,2,29750,39.0,,S,1
2,"Hocking, Mr. Richard George",1,23.0,2,1,29104,11.5,,S,0
1,"Baxter, Mrs. James (Helene DeLaudeniere Chaput)",0,50.0,0,1,PC 17558,247.5208,B58 B60,C,1
3,"Peacock, Master. Alfred Edward",1,0.75,1,1,SOTON/O.Q. 3101315,13.775,,S,0
3,"de Messemaeker, Mr. Guillaume Joseph",1,36.5,1,0,345572,17.4,,S,1
3,"Somerton, Mr. Francis William",1,30.0,0,0,A.5. 18509,8.05,,S,0
2,"Berriman, Mr. William John",1,23.0,0,0,28425,13.0,,S,0
3,"Hirvonen, Miss. Hildur E",0,2.0,0,1,3101298,12.2875,,S,1
1,"Widener, Mr. Harry Elkins",1,27.0,0,2,113503,211.5,C82,C,0
2,"Hold, Mr. Stephen",1,44.0,1,0,26707,26.0,,S,0
1,"Ismay, Mr. Joseph Bruce",1,49.0,0,0,112058,0.0,B52 B54 B56,S,1
3,"Cacic, Mr. Luka",1,38.0,0,0,315089,8.6625,,S,0
3,"Zakarian, Mr. Ortin",1,27.0,0,0,2670,7.225,,C,0
1,"Goldenberg, Mr. Samuel L",1,49.0,1,0,17453,89.1042,C92,C,1
3,"Patchett, Mr. George",1,19.0,0,0,358585,14.5,,S,0
3,"Myhrman, Mr. Pehr Fabian Oliver Malkolm",1,18.0,0,0,347078,7.75,,S,0
1,"Compton, Mrs. Alexander Taylor (Mary Eliza Ingersoll)",0,64.0,0,2,PC 17756,83.1583,E45,C,1
3,"Moen, Mr. Sigurd Hansen",1,25.0,0,0,348123,7.65,F G73,S,0
2,"Botsford, Mr. William Hull",1,26.0,0,0,237670,13.0,,S,0
2,"Doling, Mrs. John T (Ada Julia Bone)",0,34.0,0,1,231919,23.0,,S,1
2,"de Brito, Mr. Jose Joaquim",1,32.0,0,0,244360,13.0,,S,0
2,"Davies, Master. John Morgan Jr",1,8.0,1,1,C.A. 33112,36.75,,S,1
3,"Dakic, Mr. Branko",1,19.0,0,0,349228,10.1708,,S,0
1,"Frauenthal, Dr. Henry William",1,50.0,2,0,PC 17611,133.65,,S,1
3,"Skoog, Mr. Wilhelm",1,40.0,1,4,347088,27.9,,S,0
3,"Lindahl, Miss. Agda Thorilda Viktoria",0,25.0,0,0,347071,7.775,,S,0
1,"Penasco y Castellana, Mrs. Victor de Satode (Maria Josefa Perez de Soto y Vallejo)",0,17.0,1,0,PC 17758,108.9,C65,C,1
1,"Beckwith, Mrs. Richard Leonard (Sallie Monypeny)",0,47.0,1,1,11751,52.5542,D35,S,1
3,"Kink-Heilmann, Mr. Anton",1,29.0,3,1,315153,22.025,,S,1
1,"Ryerson, Miss. Emily Borie",0,18.0,2,2,PC 17608,262.375,B57 B59 B63 B66,C,1
1,"Rosenshine, Mr. George (""Mr George Thorne"")",1,46.0,0,0,PC 17585,79.2,,C,0
1,"Bowen, Miss. Grace Scott",0,45.0,0,0,PC 17608,262.375,,C,1
2,"West, Mrs. Edwy Arthur (Ada Mary Worth)",0,33.0,1,2,C.A. 34651,27.75,,S,1
3,"Berglund, Mr. Karl Ivar Sven",1,22.0,0,0,PP 4348,9.35,,S,0
2,"Montvila, Rev. Juozas",1,27.0,0,0,211536,13.0,,S,0
3,"Klasen, Miss. Gertrud Emilia",0,1.0,1,1,350405,12.1833,,S,0
3,"Devaney, Miss. Margaret Delia",0,19.0,0,0,330958,7.8792,,Q,1
3,"Niklasson, Mr. Samuel",1,28.0,0,0,363611,8.05,,S,0
1,"Flynn, Mr. John Irwin (""Irving"")",1,36.0,0,0,PC 17474,26.3875,E25,S,1
3,"Leonard, Mr. Lionel",1,36.0,0,0,LINE,0.0,,S,0
2,"Collyer, Mrs. Harvey (Charlotte Annie Tate)",0,31.0,1,1,C.A. 31921,26.25,,S,1
3,"Alexander, Mr. William",1,26.0,0,0,3474,7.8875,,S,0
3,"Abelseth, Miss. Karen Marie",0,16.0,0,0,348125,7.65,,S,1
3,"Andersson, Miss. Ingeborg Constanzia",0,9.0,4,2,347082,31.275,,S,0
3,"Baclini, Mrs. Solomon (Latifa Qurban)",0,24.0,0,3,2666,19.2583,,C,1
2,"Watt, Miss. Bertha J",0,12.0,0,0,C.A. 33595,15.75,,S,1
3,"Conlon, Mr. Thomas Henry",1,31.0,0,0,21332,7.7333,,Q,0
1,"Jones, Mr. Charles Cresson",1,46.0,0,0,694,26.0,,S,0
3,"Bostandyeff, Mr. Guentcho",1,26.0,0,0,349224,7.8958,,S,0
1,"Robert, Mrs. Edward Scott (Elisabeth Walton McMillan)",0,43.0,0,1,24160,211.3375,B3,S,1
3,"Calic, Mr. Jovo",1,17.0,0,0,315093,8.6625,,S,0
3,"Maenpaa, Mr. Matti Alexanteri",1,22.0,0,0,STON/O 2. 3101275,7.125,,S,0
3,"Carr, Miss. Helen ""Ellen""",0,16.0,0,0,367231,7.75,,Q,1
3,"Wenzel, Mr. Linhart",1,32.5,0,0,345775,9.5,,S,0
1,"Wright, Mr. George",1,62.0,0,0,113807,26.55,,S,0
1,"Frauenthal, Mr. Isaac Gerald",1,43.0,1,0,17765,27.7208,D40,C,1
3,"Rush, Mr. Alfred George John",1,16.0,0,0,A/4. 20589,8.05,,S,0
1,"Hays, Mrs. Charles Melville (Clara Jennings Gregg)",0,52.0,1,1,12749,93.5,B69,S,1
3,"Peacock, Miss. Treasteall",0,3.0,1,1,SOTON/O.Q. 3101315,13.775,,S,0
3,"Andersson, Miss. Ellis Anna Maria",0,2.0,4,2,347082,31.275,,S,0
1,"Graham, Mr. George Edward",1,38.0,0,1,PC 17582,153.4625,C91,S,0
2,"Howard, Mrs. Benjamin (Ellen Truelove Arman)",0,60.0,1,0,24065,26.0,,S,0
1,"Chaudanson, Miss. Victorine",0,36.0,0,0,PC 17608,262.375,B61,C,1
3,"Goodwin, Mr. Charles Frederick",1,40.0,1,6,CA 2144,46.9,,S,0
3,"Jansson, Mr. Carl Olof",1,21.0,0,0,350034,7.7958,,S,1
3,"Robins, Mrs. Alexander A (Grace Charity Laury)",0,47.0,1,0,A/5. 3337,14.5,,S,0
3,"Andersson, Miss. Ida Augusta Margareta",0,38.0,4,2,347091,7.775,,S,0
3,"Abelseth, Mr. Olaus Jorgensen",1,25.0,0,0,348122,7.65,F G63,S,1
3,"Williams, Mr. Leslie",1,28.5,0,0,54636,16.1,,S,0
3,"Pokrnic, Mr. Mate",1,17.0,0,0,315095,8.6625,,S,0
1,"Kimball, Mrs. Edwin Nelson Jr (Gertrude Parsons)",0,45.0,1,0,11753,52.5542,D19,S,1
2,"Garside, Miss. Ethel",0,34.0,0,0,243880,13.0,,S,1
1,"Duff Gordon, Sir. Cosmo Edmund (""Mr Morgan"")",1,49.0,1,0,PC 17485,56.9292,A20,C,1
3,"Saad, Mr. Khalil",1,25.0,0,0,2672,7.225,,C,0
3,"Daher, Mr. Shedid",1,22.5,0,0,2698,7.225,,C,0
2,"Banfield, Mr. Frederick James",1,28.0,0,0,C.A./SOTON 34068,10.5,,S,0
1,"Fortune, Mr. Charles Alexander",1,19.0,3,2,19950,263.0,C23 C25 C27,S,0
1,"Ostby, Miss. Helene Ragnhild",0,22.0,0,1,113509,61.9792,B36,C,1
2,"del Carlo, Mr. Sebastiano",1,29.0,1,0,SC/PARIS 2167,27.7208,,C,0
1,"Wick, Miss. Mary Natalie",0,31.0,0,2,36928,164.8667,C7,S,1
3,"Stankovic, Mr. Ivan",1,33.0,0,0,349239,8.6625,,C,0
2,"Parker, Mr. Clifford Richard",1,28.0,0,0,SC 14888,10.5,,S,0
1,"Rothes, the Countess. of (Lucy Noel Martha Dyer-Edwards)",0,33.0,0,0,110152,86.5,B77,S,1
3,"Bowen, Mr. David John ""Dai""",1,21.0,0,0,54636,16.1,,S,0
2,"Nicholls, Mr. Joseph Charles",1,19.0,1,1,C.A. 33112,36.75,,S,0
3,"Midtsjo, Mr. Karl Albert",1,21.0,0,0,345501,7.775,,S,1
3,"Heininen, Miss. Wendla Maria",0,23.0,0,0,STON/O2. 3101290,7.925,,S,0
2,"Dibden, Mr. William",1,18.0,0,0,S.O.C. 14879,73.5,,S,0
3,"Asplund, Master. Clarence Gustaf Hugo",1,9.0,4,2,347077,31.3875,,S,0
1,"Eustis, Miss. Elizabeth Mussey",0,54.0,1,0,36947,78.2667,D20,C,1
3,"Sundman, Mr. Johan Julian",1,44.0,0,0,STON/O 2. 3101269,7.925,,S,1
3,"Morley, Mr. William",1,34.0,0,0,364506,8.05,,S,0
3,"Lundahl, Mr. Johan Svensson",1,51.0,0,0,347743,7.0542,,S,0
1,"Carlsson, Mr. Frans Olof",1,33.0,0,0,695,5.0,B51 B53 B55,S,0
3,"Abbott, Mr. Rossmore Edward",1,16.0,1,1,C.A. 2673,20.25,,S,0
2,"Bryhl, Mr. Kurt Arnold Gottfrid",1,25.0,1,0,236853,26.0,,S,0
3,"Stoytcheff, Mr. Ilia",1,19.0,0,0,349205,7.8958,,S,0
2,"Jacobsohn, Mrs. Sidney Samuel (Amy Frances Christy)",0,24.0,2,1,243847,27.0,,S,1
1,"Behr, Mr. Karl Howell",1,26.0,0,0,111369,30.0,C148,C,1
2,"Coleridge, Mr. Reginald Charles",1,29.0,0,0,W./C. 14263,10.5,,S,0
2,"Portaluppi, Mr. Emilio Ilario Giuseppe",1,30.0,0,0,C.A. 34644,12.7375,,C,1
1,"Oliva y Ocana, Dona. Fermina",0,39.0,0,0,PC 17758,108.9,C105,C,1
2,"Weisz, Mr. Leopold",1,27.0,1,0,228414,26.0,,S,0
3,"Hagardon, Miss. Kate",0,17.0,0,0,AQ/3. 30631,7.7333,,Q,0
2,"Gale, Mr. Shadrach",1,34.0,1,0,28664,21.0,,S,0
1,"Millet, Mr. Francis Davis",1,65.0,0,0,13509,26.55,E38,S,0
3,"Nilsson, Miss. Helmina Josefina",0,26.0,0,0,347470,7.8542,,S,1
2,"Maybery, Mr. Frank Hubert",1,40.0,0,0,239059,16.0,,S,0
2,"Navratil, Mr. Michel (""Louis M Hoffman"")",1,36.5,0,2,230080,26.0,F2,S,0
3,"Canavan, Miss. Mary",0,21.0,0,0,364846,7.75,,Q,0
3,"Bjorklund, Mr. Ernst Herbert",1,18.0,0,0,347090,7.75,,S,0
2,"Collander, Mr. Erik Gustaf",1,28.0,0,0,248740,13.0,,S,0
1,"Lindeberg-Lind, Mr. Erik Gustaf (""Mr Edward Lingrey"")",1,42.0,0,0,17475,26.55,,S,0
2,"Enander, Mr. Ingvar",1,21.0,0,0,236854,13.0,,S,0
3,"Vartanian, Mr. David",1,22.0,0,0,2658,7.225,,C,1
2,"Duran y More, Miss. Asuncion",0,27.0,1,0,SC/PARIS 2149,13.8583,,C,1
3,"Nirva, Mr. Iisakki Antino Aijo",1,41.0,0,0,SOTON/O2 3101272,7.125,,S,0
2,"Hewlett, Mrs. (Mary D Kingcome) ",0,55.0,0,0,248706,16.0,,S,1
1,"Giglio, Mr. Victor",1,24.0,0,0,PC 17593,79.2,B86,C,0
3,"Daly, Miss. Margaret Marcella ""Maggie""",0,30.0,0,0,382650,6.95,,Q,1
1,"Keeping, Mr. Edwin",1,32.5,0,0,113503,211.5,C132,C,0
3,"Brobeck, Mr. Karl Rudolf",1,22.0,0,0,350045,7.7958,,S,0
3,"Goodwin, Master. Harold Victor",1,9.0,5,2,CA 2144,46.9,,S,0
3,"Goodwin, Master. William Frederick",1,11.0,5,2,CA 2144,46.9,,S,0
2,"Hamalainen, Mrs. William (Anna)",0,24.0,0,2,250649,14.5,,S,1
3,"Karlsson, Mr. Nils August",1,22.0,0,0,350060,7.5208,,S,0
3,"Wiklund, Mr. Jakob Alfred",1,18.0,1,0,3101267,6.4958,,S,0
3,"Petranec, Miss. Matilda",0,28.0,0,0,349245,7.8958,,S,0
3,"Coelho, Mr. Domingos Fernandeo",1,20.0,0,0,SOTON/O.Q. 3101307,7.05,,S,0
1,"Stephenson, Mrs. Walter Bertram (Martha Eustis)",0,52.0,1,0,36947,78.2667,D20,C,1
1,"Douglas, Mr. Walter Donald",1,50.0,1,0,PC 17761,106.425,C86,C,0
3,"Arnold-Franchi, Mr. Josef",1,25.0,1,0,349237,17.8,,S,0
3,"Cribb, Miss. Laura Alice",0,17.0,0,1,371362,16.1,,S,1
2,"McCrie, Mr. James Matthew",1,30.0,0,0,233478,13.0,,S,0
1,"Davidson, Mr. Thornton",1,31.0,1,0,F.C. 12750,52.0,B71,S,0
3,"Brocklebank, Mr. William Alfred",1,35.0,0,0,364512,8.05,,S,0
3,"Peacock, Mrs. Benjamin (Edith Nile)",0,26.0,0,2,SOTON/O.Q. 3101315,13.775,,S,0
1,"Allen, Miss. Elisabeth Walton",0,29.0,0,0,24160,211.3375,B5,S,1
2,"Silven, Miss. Lyyli Karoliina",0,18.0,0,2,250652,13.0,,S,1
3,"Bourke, Mr. John",1,40.0,1,1,364849,15.5,,Q,0
2,"del Carlo, Mrs. Sebastiano (Argenia Genovesi)",0,24.0,1,0,SC/PARIS 2167,27.7208,,C,1
2,"Lahtinen, Rev. William",1,30.0,1,1,250651,26.0,,S,0
2,"Norman, Mr. Robert Douglas",1,28.0,0,0,218629,13.5,,S,0
2,"Bowenur, Mr. Solomon",1,42.0,0,0,211535,13.0,,S,0
3,"Panula, Master. Eino Viljami",1,1.0,4,1,3101295,39.6875,,S,0
2,"Andrew, Mr. Frank Thomas",1,25.0,0,0,C.A. 34050,10.5,,S,0
3,"Honkanen, Miss. Eliina",0,27.0,0,0,STON/O2. 3101283,7.925,,S,1
1,"Earnshaw, Mrs. Boulton (Olive Potter)",0,23.0,0,1,11767,83.1583,C54,C,1
3,"Olsson, Miss. Elina",0,31.0,0,0,350407,7.8542,,S,0
3,"Andersen, Mr. Albert Karvin",1,32.0,0,0,C 4001,22.525,,S,0
2,"Lahtinen, Mrs. William (Anna Sylfven)",0,26.0,1,1,250651,26.0,,S,0
1,"Newell, Miss. Madeleine",0,31.0,1,0,35273,113.275,D36,C,1
3,"Carlsson, Mr. August Sigfrid",1,28.0,0,0,350042,7.7958,,S,0
1,"Goldschmidt, Mr. George B",1,71.0,0,0,PC 17754,34.6542,A5,C,0
1,"Rothschild, Mr. Martin",1,55.0,1,0,PC 17603,59.4,,C,0
3,"Wilkes, Mrs. James (Ellen Needs)",0,47.0,1,0,363272,7.0,,S,1
3,"Olsen, Mr. Henry Margido",1,28.0,0,0,C 4001,22.525,,S,0
3,"Palsson, Master. Gosta Leonard",1,2.0,3,1,349909,21.075,,S,0
3,"McNamee, Mrs. Neal (Eileen O'Leary)",0,19.0,1,0,376566,16.1,,S,0
2,"Carter, Mrs. Ernest Courtenay (Lilian Hughes)",0,44.0,1,0,244252,26.0,,S,0
1,"Rowe, Mr. Alfred G",1,33.0,0,0,113790,26.55,,S,0
3,"Coxon, Mr. Daniel",1,59.0,0,0,364500,7.25,,S,0
1,"Bishop, Mr. Dickinson H",1,25.0,1,0,11967,91.0792,B49,C,1
3,"Gustafsson, Mr. Alfred Ossian",1,20.0,0,0,7534,9.8458,,S,0
1,"Stone, Mrs. George Nelson (Martha Evelyn)",0,62.0,0,0,113572,80.0,B28,,1
2,"Gavey, Mr. Lawrence",1,26.0,0,0,31028,10.5,,S,0
3,"Karlsson, Mr. Einar Gervasius",1,21.0,0,0,350053,7.7958,,S,1
3,"Jonkoff, Mr. Lalio",1,23.0,0,0,349204,7.8958,,S,0
1,"Allison, Mr. Hudson Joshua Creighton",1,30.0,1,2,113781,151.55,C22 C26,S,0
3,"Gustafsson, Mr. Anders Vilhelm",1,37.0,2,0,3101276,7.925,,S,0
2,"Buss, Miss. Kate",0,36.0,0,0,27849,13.0,,S,1
1,"Taylor, Mr. Elmer Zebley",1,48.0,1,0,19996,52.0,C126,S,1
3,"Cacic, Mr. Jego Grga",1,18.0,0,0,315091,8.6625,,S,0
3,"Turkula, Mrs. (Hedwig)",0,63.0,0,0,4134,9.5875,,S,1
3,"Jonsson, Mr. Nils Hilding",1,27.0,0,0,350408,7.8542,,S,0
3,"Johnson, Mr. Malkolm Joackim",1,33.0,0,0,347062,7.775,,S,0
3,"McNamee, Mr. Neal",1,24.0,1,0,376566,16.1,,S,0
1,"Penasco y Castellana, Mr. Victor de Satode",1,18.0,1,0,PC 17758,108.9,C65,C,0
3,"Asplund, Miss. Lillian Gertrud",0,5.0,4,2,347077,31.3875,,S,1
1,"Payne, Mr. Vivian Ponsonby",1,23.0,0,0,12749,93.5,B24,S,0
1,"Pears, Mr. Thomas Clinton",1,29.0,1,0,113776,66.6,C2,S,0
2,"Chapman, Mrs. John Henry (Sara Elizabeth Lawry)",0,29.0,1,0,SC/AH 29037,26.0,,S,0
3,"Hakkarainen, Mr. Pekka Pietari",1,28.0,1,0,STON/O2. 3101279,15.85,,S,0
2,"Becker, Master. Richard F",1,1.0,2,1,230136,39.0,F4,S,1
2,"Giles, Mr. Edgar",1,21.0,1,0,28133,11.5,,S,0
3,"Abbott, Mrs. Stanton (Rosa Hunt)",0,35.0,1,1,C.A. 2673,20.25,,S,1
1,"Sloper, Mr. William Thompson",1,28.0,0,0,113788,35.5,A6,S,1
2,"Hosono, Mr. Masabumi",1,42.0,0,0,237798,13.0,,S,1
1,"Chaffee, Mrs. Herbert Fuller (Carrie Constance Toogood)",0,47.0,1,0,W.E.P. 5734,61.175,E31,S,1
3,"Petroff, Mr. Nedelio",1,19.0,0,0,349212,7.8958,,S,0
3,"Nakid, Mr. Sahid",1,20.0,1,1,2653,15.7417,,C,1
2,"Caldwell, Mr. Albert Francis",1,26.0,1,1,248738,29.0,,S,1
3,"Attalah, Miss. Malake",0,17.0,0,0,2627,14.4583,,C,0
1,"Fortune, Miss. Ethel Flora",0,28.0,3,2,19950,263.0,C23 C25 C27,S,1
3,"Tenglin, Mr. Gunnar Isidor",1,25.0,0,0,350033,7.7958,,S,1
3,"Olsson, Mr. Oscar Wilhelm",1,32.0,0,0,347079,7.775,,S,1
2,"Peruschitz, Rev. Joseph Maria",1,41.0,0,0,237393,13.0,,S,0
2,"Walcroft, Miss. Nellie",0,31.0,0,0,F.C.C. 13528,21.0,,S,1
3,"Ford, Mr. William Neal",1,16.0,1,3,W./C. 6608,34.375,,S,0
1,"Futrelle, Mr. Jacques Heath",1,37.0,1,0,113803,53.1,C123,S,0
1,"Seward, Mr. Frederic Kimber",1,34.0,0,0,113794,26.55,,S,1
1,"Harris, Mr. Henry Birkhardt",1,45.0,1,0,36973,83.475,C83,S,0
3,"Coleff, Mr. Peju",1,36.0,0,0,349210,7.4958,,S,0
2,"Collett, Mr. Sidney C Stuart",1,24.0,0,0,28034,10.5,,S,1
3,"Hansen, Mrs. Claus Peter (Jennie L Howard)",0,45.0,1,0,350026,14.1083,,S,1
3,"Johnson, Mr. Alfred",1,49.0,0,0,LINE,0.0,,S,0
3,"Burke, Mr. Jeremiah",1,19.0,0,0,365222,6.75,,Q,0
1,"Graham, Miss. Margaret Edith",0,19.0,0,0,112053,30.0,B42,S,1
3,"Nicola-Yarred, Miss. Jamila",0,14.0,1,0,2651,11.2417,,C,1
1,"Andrews, Mr. Thomas Jr",1,39.0,0,0,112050,0.0,A36,S,0
2,"Mellinger, Mrs. (Elizabeth Anne Maidment)",0,41.0,0,1,250644,19.5,,S,1
3,"Andersson, Mr. Johan Samuel",1,26.0,0,0,347075,7.775,,S,0
3,"Persson, Mr. Ernst Ulrik",1,25.0,1,0,347083,7.775,,S,1
2,"Christy, Mrs. (Alice Frances)",0,45.0,0,2,237789,30.0,,S,1
1,"Bjornstrom-Steffansson, Mr. Mauritz Hakan",1,28.0,0,0,110564,26.55,C52,S,1
2,"Funk, Miss. Annie Clemmer",0,38.0,0,0,237671,13.0,,S,0
2,"Faunthorpe, Mrs. Lizzie (Elizabeth Anne Wilkinson)",0,29.0,1,0,2926,26.0,,S,1
3,"Vander Planke, Mr. Leo Edmondus",1,16.0,2,0,345764,18.0,,S,0
2,"Byles, Rev. Thomas Roussel Davids",1,42.0,0,0,244310,13.0,,S,0
2,"Bryhl, Miss. Dagmar Jenny Ingeborg ",0,20.0,1,0,236853,26.0,,S,1
3,"Ekstrom, Mr. Johan",1,45.0,0,0,347061,6.975,,S,0
1,"Hays, Miss. Margaret Bechstein",0,24.0,0,0,11767,83.1583,C54,C,1
2,"Stanton, Mr. Samuel Ward",1,41.0,0,0,237734,15.0458,,C,0
2,"Quick, Mrs. Frederick Charles (Jane Richards)",0,33.0,0,2,26360,26.0,,S,1
2,"Beesley, Mr. Lawrence",1,34.0,0,0,248698,13.0,D56,S,1
1,"Weir, Col. John",1,60.0,0,0,113800,26.55,,S,0
3,"Aks, Mrs. Sam (Leah Rosen)",0,18.0,0,1,392091,9.35,,S,1
1,"Allison, Mrs. Hudson J C (Bessie Waldo Daniels)",0,25.0,1,2,113781,151.55,C22 C26,S,0
1,"Stengel, Mr. Charles Emil Henry",1,54.0,1,0,11778,55.4417,C116,C,1
3,"Strilic, Mr. Ivan",1,27.0,0,0,315083,8.6625,,S,0
3,"Van Impe, Mr. Jean Baptiste",1,36.0,1,1,345773,24.15,,S,0
1,"Carter, Mr. William Ernest",1,36.0,1,2,113760,120.0,B96 B98,S,1
2,"Drew, Mrs. James Vivian (Lulu Thorne Christian)",0,34.0,1,1,28220,32.5,,S,1
2,"Trout, Mrs. William H (Jessie L)",0,28.0,0,0,240929,12.65,,S,1
2,"Karnes, Mrs. J Frank (Claire Bennett)",0,22.0,0,0,F.C.C. 13534,21.0,,S,0
3,"Nieminen, Miss. Manta Josefina",0,29.0,0,0,3101297,7.925,,S,0
3,"Svensson, Mr. Olof",1,24.0,0,0,350035,7.7958,,S,0
3,"Dooley, Mr. Patrick",1,32.0,0,0,370376,7.75,,Q,0
3,"Hanna, Mr. Mansour",1,23.5,0,0,2693,7.2292,,C,0
2,"Meyer, Mr. August",1,39.0,0,0,248723,13.0,,S,0
2,"Phillips, Miss. Kate Florence (""Mrs Kate Louise Phillips Marshall"")",0,19.0,0,0,250655,26.0,,S,1
3,"Colbert, Mr. Patrick",1,24.0,0,0,371109,7.25,,Q,0
1,"Barber, Miss. Ellen ""Nellie""",0,26.0,0,0,19877,78.85,,S,1
3,"Assaf, Mr. Gerios",1,21.0,0,0,2692,7.225,,C,0
3,"Boulos, Miss. Nourelain",0,9.0,1,1,2678,15.2458,,C,0
2,"Richards, Mrs. Sidney (Emily Hocking)",0,24.0,2,3,29106,18.75,,S,1
3,"Gustafsson, Mr. Johan Birger",1,28.0,2,0,3101277,7.925,,S,0
3,"Drazenoic, Mr. Jozef",1,33.0,0,0,349241,7.8958,,C,0
1,"Van der hoef, Mr. Wyckoff",1,61.0,0,0,111240,33.5,B19,S,0
3,"Nilsson, Mr. August Ferdinand",1,21.0,0,0,350410,7.8542,,S,0
2,"Toomey, Miss. Ellen",0,50.0,0,0,F.C.C. 13531,10.5,,S,1
1,"Holverson, Mrs. Alexander Oskar (Mary Aline Towner)",0,35.0,1,0,113789,52.0,,S,1
3,"Arnold-Franchi, Mrs. Josef (Josefine Franchi)",0,18.0,1,0,349237,17.8,,S,0
3,"Barbara, Mrs. (Catherine David)",0,45.0,0,1,2691,14.4542,,C,0
2,"Beane, Mr. Edward",1,32.0,1,0,2908,26.0,,S,1
1,"Carrau, Mr. Jose Pedro",1,17.0,0,0,113059,47.1,,S,0
2,"Mack, Mrs. (Mary)",0,57.0,0,0,S.O./P.P. 3,10.5,E77,S,0
2,"Andrew, Mr. Edgardo Samuel",1,18.0,0,0,231945,11.5,,S,0
2,"Hocking, Mrs. Elizabeth (Eliza Needs)",0,54.0,1,3,29105,23.0,,S,1
3,"Hassan, Mr. Houssein G N",1,11.0,0,0,2699,18.7875,,C,0
3,"Moor, Master. Meier",1,6.0,0,1,392096,12.475,E121,S,1
3,"Pasic, Mr. Jakob",1,21.0,0,0,315097,8.6625,,S,0
3,"Goldsmith, Mrs. Frank John (Emily Alice Brown)",0,31.0,1,1,363291,20.525,,S,1
3,"Klasen, Mrs. (Hulda Kristina Eugenia Lofqvist)",0,36.0,0,2,350405,12.1833,,S,0
3,"Goodwin, Master. Sidney Leonard",1,1.0,5,2,CA 2144,46.9,,S,0
2,"Herman, Miss. Alice",0,24.0,1,2,220845,65.0,,S,1
3,"Bengtsson, Mr. John Viktor",1,26.0,0,0,347068,7.775,,S,0
2,"Slemen, Mr. Richard James",1,35.0,0,0,28206,10.5,,S,0
3,"Palsson, Master. Paul Folke",1,6.0,3,1,349909,21.075,,S,0
3,"Stanley, Mr. Edward Roland",1,21.0,0,0,A/4 45380,8.05,,S,0
3,"Edvardsson, Mr. Gustaf Hjalmar",1,18.0,0,0,349912,7.775,,S,0
3,"Humblen, Mr. Adolf Mathias Nicolai Olsen",1,42.0,0,0,348121,7.65,F G63,S,0
3,"Sheerlinck, Mr. Jan Baptist",1,29.0,0,0,345779,9.5,,S,1
3,"Goldsmith, Master. Frank John William ""Frankie""",1,9.0,0,2,363291,20.525,,S,1
2,"Weisz, Mrs. Leopold (Mathilde Francoise Pede)",0,29.0,1,0,228414,26.0,,S,1
3,"Krekorian, Mr. Neshan",1,25.0,0,0,2654,7.2292,F E57,C,1
2,"Bracken, Mr. James H",1,27.0,0,0,220367,13.0,,S,0
3,"Svensson, Mr. Johan",1,74.0,0,0,347060,7.775,,S,0
2,"Jefferys, Mr. Ernest Wilfred",1,22.0,2,0,C.A. 31029,31.5,,S,0
3,"Spinner, Mr. Henry John",1,32.0,0,0,STON/OQ. 369943,8.05,,S,0
3,"Ayoub, Miss. Banoura",0,13.0,0,0,2687,7.2292,,C,1
2,"Troutt, Miss. Edwina Celia ""Winnie""",0,27.0,0,0,34218,10.5,E101,S,1
3,"Assaf Khalil, Mrs. Mariana (""Miriam"")",0,45.0,0,0,2696,7.225,,C,1
3,"Johansson, Mr. Erik",1,22.0,0,0,350052,7.7958,,S,0
2,"Keane, Mr. Daniel",1,35.0,0,0,233734,12.35,,Q,0
1,"Stengel, Mrs. Charles Emil Henry (Annie May Morris)",0,43.0,1,0,11778,55.4417,C116,C,1
3,"Kink, Miss. Maria",0,22.0,2,0,315152,8.6625,,S,0
3,"Corn, Mr. Harry",1,30.0,0,0,SOTON/OQ 392090,8.05,,S,0
3,"Christmann, Mr. Emil",1,29.0,0,0,343276,8.05,,S,0
3,"Goodwin, Mrs. Frederick (Augusta Tyler)",0,43.0,1,6,CA 2144,46.9,,S,0
3,"Larsson, Mr. Bengt Edvin",1,29.0,0,0,347067,7.775,,S,0
2,"Howard, Mr. Benjamin",1,63.0,1,0,24065,26.0,,S,0
2,"Webber, Miss. Susan",0,32.5,0,0,27267,13.0,E101,S,1
1,"Hippach, Mrs. Louis Albert (Ida Sophia Fischer)",0,44.0,0,1,111361,57.9792,B18,C,1
3,"Danoff, Mr. Yoto",1,27.0,0,0,349219,7.8958,,S,0
3,"Hegarty, Miss. Hanora ""Nora""",0,18.0,0,0,365226,6.75,,Q,0
3,"Larsson-Rondberg, Mr. Edvard A",1,22.0,0,0,347065,7.775,,S,0
3,"Yasbeck, Mrs. Antoni (Selini Alexander)",0,15.0,1,0,2659,14.4542,,C,1
3,"Andersson, Miss. Sigrid Elisabeth",0,11.0,4,2,347082,31.275,,S,0
3,"Abrahamsson, Mr. Abraham August Johannes",1,20.0,0,0,SOTON/O2 3101284,7.925,,S,1
1,"Homer, Mr. Harry (""Mr E Haven"")",1,35.0,0,0,111426,26.55,,C,1
3,"Mulvihill, Miss. Bertha E",0,24.0,0,0,382653,7.75,,Q,1
3,"Ali, Mr. William",1,25.0,0,0,SOTON/O.Q. 3101312,7.05,,S,0
3,"Oreskovic, Miss. Marija",0,20.0,0,0,315096,8.6625,,S,0
2,"Angle, Mrs. William A (Florence ""Mary"" Agnes Hughes)",0,36.0,1,0,226875,26.0,,S,1
2,"Laroche, Mr. Joseph Philippe Lemercier",1,25.0,1,2,SC/Paris 2123,41.5792,,C,0
2,"McCrae, Mr. Arthur Gordon",1,32.0,0,0,237216,13.5,,S,0
1,"Dodge, Dr. Washington",1,53.0,1,1,33638,81.8583,A34,S,1
3,"Ford, Mr. Edward Watson",1,18.0,2,2,W./C. 6608,34.375,,S,0
2,"Harris, Mr. Walter",1,30.0,0,0,W/C 14208,10.5,,S,0
1,"Bucknell, Mrs. William Robert (Emma Eliza Ward)",0,60.0,0,0,11813,76.2917,D15,C,1
3,"Heikkinen, Miss. Laina",0,26.0,0,0,STON/O2. 3101282,7.925,,S,1
3,"Rice, Master. Eugene",1,2.0,4,1,382652,29.125,,Q,0
3,"Lindblom, Miss. Augusta Charlotta",0,45.0,0,0,347073,7.75,,S,0
3,"Carr, Miss. Jeannie",0,37.0,0,0,368364,7.75,,Q,0
3,"Vander Planke, Mrs. Julius (Emelia Maria Vandemoortele)",0,31.0,1,0,345763,18.0,,S,0
3,"Dean, Mrs. Bertram (Eva Georgetta Light)",0,33.0,1,2,C.A. 2315,20.575,,S,1
3,"Jensen, Mr. Svend Lauritz",1,17.0,1,0,350048,7.0542,,S,0
2,"Sharp, Mr. Percival James R",1,27.0,0,0,244358,26.0,,S,0
2,"Navratil, Master. Edmond Roger",1,2.0,1,1,230080,26.0,F2,S,1
2,"Morley, Mr. Henry Samuel (""Mr Henry Marshall"")",1,39.0,0,0,250655,26.0,,S,0
2,"Becker, Miss. Marion Louise",0,4.0,2,1,230136,39.0,F4,S,1
1,"Ostby, Mr. Engelhart Cornelius",1,65.0,0,1,113509,61.9792,B30,C,0
1,"Harper, Mrs. Henry Sleeper (Myna Haxtun)",0,49.0,1,0,PC 17572,76.7292,D33,C,1
3,"Foley, Mr. Joseph",1,26.0,0,0,330910,7.8792,,Q,0
2,"Moraweck, Dr. Ernest",1,54.0,0,0,29011,14.0,,S,0
3,"Saether, Mr. Simon Sivertsen",1,38.5,0,0,SOTON/O.Q. 3101262,7.25,,S,0
1,"Icard, Miss. Amelie",0,38.0,0,0,113572,80.0,B28,,1
3,"Pickard, Mr. Berk (Berk Trembisky)",1,32.0,0,0,SOTON/O.Q. 392078,8.05,E10,S,1
1,"Geiger, Miss. Amalie",0,35.0,0,0,113503,211.5,C130,C,1
1,"Long, Mr. Milton Clyde",1,29.0,0,0,113501,30.0,D6,S,0
1,"Gracie, Col. Archibald IV",1,53.0,0,0,113780,28.5,C51,C,1
3,"Johnson, Master. Harold Theodor",1,4.0,1,1,347742,11.1333,,S,1
1,"Marvin, Mr. Daniel Warner",1,19.0,1,0,113773,53.1,D30,S,0
1,"Taussig, Mr. Emil",1,52.0,1,1,110413,79.65,E67,S,0
1,"Bowerman, Miss. Elsie Edith",0,22.0,0,1,113505,55.0,E33,S,1
1,"Porter, Mr. Walter Chamberlain",1,47.0,0,0,110465,52.0,C110,S,0
3,"Asplund, Mr. Johan Charles",1,23.0,0,0,350054,7.7958,,S,1
1,"Bonnell, Miss. Elizabeth",0,58.0,0,0,113783,26.55,C103,S,1
3,"van Billiard, Master. Walter John",1,11.5,1,1,A/5. 851,14.5,,S,0
3,"Nysveen, Mr. Johan Hansen",1,61.0,0,0,345364,6.2375,,S,0
2,"Becker, Miss. Ruth Elizabeth",0,12.0,2,1,230136,39.0,F4,S,1
1,"Mayne, Mlle. Berthe Antonine (""Mrs de Villiers"")",0,24.0,0,0,PC 17482,49.5042,C90,C,1
2,"Harbeck, Mr. William H",1,44.0,0,0,248746,13.0,,S,0
3,"Wiklund, Mr. Karl Johan",1,21.0,1,0,3101266,6.4958,,S,0
3,"Cor, Mr. Ivan",1,27.0,0,0,349229,7.8958,,S,0
3,"Katavelas, Mr. Vassilios (""Catavelas Vassilios"")",1,18.5,0,0,2682,7.2292,,C,0
1,"Cleaver, Miss. Alice",0,22.0,0,0,113781,151.55,,S,1
3,"Ford, Miss. Robina Maggie ""Ruby""",0,9.0,2,2,W./C. 6608,34.375,,S,0
2,"Richard, Mr. Emile",1,23.0,0,0,SC/PARIS 2133,15.0458,,C,0
3,"Lang, Mr. Fang",1,26.0,0,0,1601,56.4958,,S,1
3,"Goldsmith, Mr. Frank John",1,33.0,1,1,363291,20.525,,S,0
3,"Balkic, Mr. Cerin",1,26.0,0,0,349248,7.8958,,S,0
3,"Andersson, Miss. Ebba Iris Alfrida",0,6.0,4,2,347082,31.275,,S,0
1,"Natsch, Mr. Charles H",1,37.0,0,1,PC 17596,29.7,C118,C,0
3,"Skoog, Mrs. William (Anna Bernhardina Karlsson)",0,45.0,1,4,347088,27.9,,S,0
3,"Connors, Mr. Patrick",1,70.5,0,0,370369,7.75,,Q,0
3,"Calic, Mr. Petar",1,17.0,0,0,315086,8.6625,,S,0
1,"Reuchlin, Jonkheer. John George",1,38.0,0,0,19972,0.0,,S,0
3,"McGowan, Miss. Anna ""Annie""",0,15.0,0,0,330923,8.0292,,Q,1
3,"Lulic, Mr. Nikola",1,27.0,0,0,315098,8.6625,,S,1
1,"Cherry, Miss. Gladys",0,30.0,0,0,110152,86.5,B77,S,1
1,"Bird, Miss. Ellen",0,29.0,0,0,PC 17483,221.7792,C97,S,1
1,"Newsom, Miss. Helen Monypeny",0,19.0,0,2,11752,26.2833,D47,S,1
3,"Coutts, Mrs. William (Winnie ""Minnie"" Treanor)",0,36.0,0,2,C.A. 37671,15.9,,S,1
1,"Fortune, Miss. Alice Elizabeth",0,24.0,3,2,19950,263.0,C23 C25 C27,S,1
3,"Tikkanen, Mr. Juho",1,32.0,0,0,STON/O 2. 3101293,7.925,,S,0
1,"Minahan, Miss. Daisy E",0,33.0,1,0,19928,90.0,C78,Q,1
1,"Spedden, Mr. Frederic Oakley",1,45.0,1,1,16966,134.5,E34,C,1
1,"Brown, Mrs. James Joseph (Margaret Tobin)",0,44.0,0,0,PC 17610,27.7208,B4,C,1
2,"West, Miss. Constance Mirium",0,5.0,1,2,C.A. 34651,27.75,,S,1
2,"Pain, Dr. Alfred",1,23.0,0,0,244278,10.5,,S,0
1,"Sutton, Mr. Frederick",1,61.0,0,0,36963,32.3208,D50,S,0
3,"Zabour, Miss. Hileni",0,14.5,1,0,2665,14.4542,,C,0
3,"Betros, Mr. Tannous",1,20.0,0,0,2648,4.0125,,C,0
3,"Rice, Master. Albert",1,10.0,4,1,382652,29.125,,Q,0
1,"Birnbaum, Mr. Jakob",1,25.0,0,0,13905,26.0,,C,0
3,"Pokrnic, Mr. Tome",1,24.0,0,0,315092,8.6625,,S,0
1,"Harris, Mrs. Henry Birkhardt (Irene Wallach)",0,35.0,1,0,36973,83.475,C83,S,1
3,"Kelly, Mr. James",1,44.0,0,0,363592,8.05,,S,0
3,"Cacic, Miss. Manda",0,21.0,0,0,315087,8.6625,,S,0
3,"Johansson Palmquist, Mr. Oskar Leander",1,26.0,0,0,347070,7.775,,S,1
2,"Wright, Miss. Marion",0,26.0,0,0,220844,13.5,,S,1
3,"Minkoff, Mr. Lazar",1,21.0,0,0,349211,7.8958,,S,0
1,"Graham, Mrs. William Thompson (Edith Junkins)",0,58.0,0,1,PC 17582,153.4625,C125,S,1
3,"Danbom, Mrs. Ernst Gilbert (Anna Sigrid Maria Brogren)",0,28.0,1,1,347080,14.4,,S,0
2,"Abelson, Mr. Samuel",1,30.0,1,0,P/PP 3381,24.0,,C,0
1,"Kreuchen, Miss. Emilie",0,39.0,0,0,24160,211.3375,,S,1
2,"Hodges, Mr. Henry Price",1,50.0,0,0,250643,13.0,,S,0
3,"Abrahim, Mrs. Joseph (Sophie Halaut Easu)",0,18.0,0,0,2657,7.2292,,C,1
1,"Thayer, Mrs. John Borland (Marian Longstreth Morris)",0,39.0,1,1,17421,110.8833,C68,C,1
1,"Dodge, Master. Washington",1,4.0,0,2,33638,81.8583,A34,S,1
3,"Sandstrom, Miss. Beatrice Irene",0,1.0,1,1,PP 9549,16.7,G6,S,1
3,"Aronsson, Mr. Ernst Axel Algot",1,24.0,0,0,349911,7.775,,S,0
1,"Straus, Mrs. Isidor (Rosalie Ida Blun)",0,63.0,1,0,PC 17483,221.7792,C55 C57,S,0
2,"Louch, Mr. Charles Alexander",1,50.0,1,0,SC/AH 3085,26.0,,S,0
2,"Hickman, Mr. Stanley George",1,21.0,2,0,S.O.C. 14879,73.5,,S,0
1,"Spedden, Mrs. Frederic Oakley (Margaretta Corning Stone)",0,40.0,1,1,16966,134.5,E34,C,1
3,"Ford, Miss. Doolina Margaret ""Daisy""",0,21.0,2,2,W./C. 6608,34.375,,S,0
3,"Robins, Mr. Alexander A",1,50.0,1,0,A/5. 3337,14.5,,S,0
1,"Bonnell, Miss. Caroline",0,30.0,0,0,36928,164.8667,C7,S,1
3,"Panula, Mr. Ernesti Arvid",1,16.0,4,1,3101295,39.6875,,S,0
1,"White, Mr. Richard Frasar",1,21.0,0,1,35281,77.2875,D26,S,0
3,"Dennis, Mr. William",1,36.0,0,0,A/5 21175,7.25,,S,0
1,"Astor, Mrs. John Jacob (Madeleine Talmadge Force)",0,18.0,1,0,PC 17757,227.525,C62 C64,C,1
3,"Nysten, Miss. Anna Sofia",0,22.0,0,0,347081,7.75,,S,1
1,"Daly, Mr. Peter Denis ",1,51.0,0,0,113055,26.55,E17,S,1
3,"Dowdell, Miss. Elizabeth",0,30.0,0,0,364516,12.475,,S,1
3,"Nilsson, Miss. Berta Olivia",0,18.0,0,0,347066,7.775,,S,1
3,"Olsen, Master. Artur Karl",1,9.0,0,1,C 17368,3.1708,,S,1
3,"Nosworthy, Mr. Richard Cater",1,21.0,0,0,A/4. 39886,7.8,,S,0
3,"Duane, Mr. Frank",1,65.0,0,0,336439,7.75,,Q,0
2,"Slayter, Miss. Hilda Mary",0,30.0,0,0,234818,12.35,,Q,1
1,"Mock, Mr. Philipp Edmund",1,30.0,1,0,13236,57.75,C78,C,1
3,"Cribb, Mr. John Hatfield",1,44.0,0,1,371362,16.1,,S,0
2,"Wheadon, Mr. Edward H",1,66.0,0,0,C.A. 24579,10.5,,S,0
1,"Frolicher-Stehli, Mr. Maxmillian",1,60.0,1,1,13567,79.2,B41,C,1
3,"Coutts, Master. William Loch ""William""",1,3.0,1,1,C.A. 37671,15.9,,S,1
1,"Douglas, Mrs. Walter Donald (Mahala Dutton)",0,48.0,1,0,PC 17761,106.425,C86,C,1
2,"Collyer, Miss. Marjorie ""Lottie""",0,8.0,0,2,C.A. 31921,26.25,,S,1
1,"Gibson, Miss. Dorothy Winifred",0,22.0,0,1,112378,59.4,,C,1
1,"Bidois, Miss. Rosalie",0,42.0,0,0,PC 17757,227.525,,C,1
3,"Stranden, Mr. Juho",1,31.0,0,0,STON/O 2. 3101288,7.925,,S,1
2,"Sedgwick, Mr. Charles Frederick Waddington",1,25.0,0,0,244361,13.0,,S,0
2,"Christy, Miss. Julie Rachel",0,25.0,1,1,237789,30.0,,S,1
2,"Cotterill, Mr. Henry ""Harry""",1,21.0,0,0,29107,11.5,,S,0
1,"McCarthy, Mr. Timothy J",1,54.0,0,0,17463,51.8625,E46,S,0
3,"Karun, Mr. Franz",1,39.0,0,1,349256,13.4167,,C,1
2,"Chapman, Mr. John Henry",1,37.0,1,0,SC/AH 29037,26.0,,S,0
2,"Davies, Mrs. John Morgan (Elizabeth Agnes Mary White) ",0,48.0,0,2,C.A. 33112,36.75,,S,1
3,"Perkin, Mr. John Henry",1,22.0,0,0,A/5 21174,7.25,,S,0
1,"Isham, Miss. Ann Elizabeth",0,50.0,0,0,PC 17595,28.7125,C49,C,0
2,"Sinkkonen, Miss. Anna",0,30.0,0,0,250648,13.0,,S,1
2,"Clarke, Mrs. Charles V (Ada Maria Winfield)",0,28.0,1,0,2003,26.0,,S,1
3,"Jussila, Mr. Eiriik",1,32.0,0,0,STON/O 2. 3101286,7.925,,S,1
3,"Cohen, Mr. Gurshon ""Gus""",1,18.0,0,0,A/5 3540,8.05,,S,1
3,"Elias, Mr. Joseph Jr",1,17.0,1,1,2690,7.2292,,C,0
3,"Sivola, Mr. Antti Wilhelm",1,21.0,0,0,STON/O 2. 3101280,7.925,,S,0
3,"Holm, Mr. John Fredrik Alexander",1,43.0,0,0,C 7075,6.45,,S,0
3,"Ling, Mr. Lee",1,28.0,0,0,1601,56.4958,,S,0
3,"Vander Planke, Mr. Julius",1,31.0,3,0,345763,18.0,,S,0
3,"Lester, Mr. James",1,39.0,0,0,A/4 48871,24.15,,S,0
3,"Dintcheff, Mr. Valtcho",1,43.0,0,0,349226,7.8958,,S,0
2,"Abelson, Mrs. Samuel (Hannah Wizosky)",0,28.0,1,0,P/PP 3381,24.0,,C,1
1,"Meyer, Mr. Edgar Joseph",1,28.0,1,0,PC 17604,82.1708,,C,0
1,"Cumings, Mr. John Bradley",1,39.0,1,0,PC 17599,71.2833,C85,C,0
3,"Andreasson, Mr. Paul Edvin",1,20.0,0,0,347466,7.8542,,S,0
3,"Jussila, Miss. Mari Aina",0,21.0,1,0,4137,9.825,,S,0
3,"Aks, Master. Philip Frank",1,0.83,0,1,392091,9.35,,S,1
2,"Drew, Master. Marshall Brines",1,8.0,0,2,28220,32.5,,S,1
1,"Dick, Mr. Albert Adrian",1,31.0,1,0,17474,57.0,B20,S,1
3,"Panula, Mrs. Juha (Maria Emilia Ojala)",0,41.0,0,5,3101295,39.6875,,S,0
2,"Harper, Miss. Annie Jessie ""Nina""",0,6.0,0,1,248727,33.0,,S,1
3,"Doyle, Miss. Elizabeth",0,24.0,0,0,368702,7.75,,Q,0
3,"Rice, Master. Eric",1,7.0,4,1,382652,29.125,,Q,0
1,"Taussig, Mrs. Emil (Tillie Mandelbaum)",0,39.0,1,1,110413,79.65,E67,S,1
1,"Carter, Mrs. William Ernest (Lucile Polk)",0,36.0,1,2,113760,120.0,B96 B98,S,1
1,"Schabert, Mrs. Paul (Emma Mock)",0,35.0,1,0,13236,57.75,C28,C,1
3,"Johanson, Mr. Jakob Alfred",1,34.0,0,0,3101264,6.4958,,S,0
3,"Vander Cruyssen, Mr. Victor",1,47.0,0,0,345765,9.0,,S,0
3,"Novel, Mr. Mansouer",1,28.5,0,0,2697,7.2292,,C,0
2,"Davis, Miss. Mary",0,28.0,0,0,237668,13.0,,S,1
2,"Bateman, Rev. Robert James",1,51.0,0,0,S.O.P. 1166,12.525,,S,0
1,"Spedden, Master. Robert Douglas",1,6.0,0,2,16966,134.5,E34,C,1
1,"Gee, Mr. Arthur H",1,47.0,0,0,111320,38.5,E63,S,0
1,"Bissette, Miss. Amelia",0,35.0,0,0,PC 17760,135.6333,C99,S,1
3,"Skoog, Master. Karl Thorsten",1,10.0,3,2,347088,27.9,,S,0
2,"Mudd, Mr. Thomas Charles",1,16.0,0,0,S.O./P.P. 3,10.5,,S,0
3,"Birkeland, Mr. Hans Martin Monsen",1,21.0,0,0,312992,7.775,,S,0
1,"Hassab, Mr. Hammad",1,27.0,0,0,PC 17572,76.7292,D49,C,1
1,"Ross, Mr. John Hugo",1,36.0,0,0,13049,40.125,A10,C,0
3,"Chip, Mr. Chang",1,32.0,0,0,1601,56.4958,,S,1
2,"Reeves, Mr. David",1,36.0,0,0,C.A. 17248,10.5,,S,0
2,"Renouf, Mr. Peter Henry",1,34.0,1,0,31027,21.0,,S,0
3,"Asplund, Master. Carl Edgar",1,5.0,4,2,347077,31.3875,,S,0
3,"Cacic, Miss. Marija",0,30.0,0,0,315084,8.6625,,S,0
2,"Gillespie, Mr. William Henry",1,34.0,0,0,12233,13.0,,S,0
3,"Kallio, Mr. Nikolai Erland",1,17.0,0,0,STON/O 2. 3101274,7.125,,S,0
3,"Sage, Master. William Henry",1,14.5,8,2,CA. 2343,69.55,,S,0
3,"Baclini, Miss. Marie Catherine",0,5.0,2,1,2666,19.2583,,C,1
3,"Farrell, Mr. James",1,40.5,0,0,367232,7.75,,Q,0
3,"Whabee, Mrs. George Joseph (Shawneene Abi-Saab)",0,38.0,0,0,2688,7.2292,,C,1
3,"Sirayanian, Mr. Orsen",1,22.0,0,0,2669,7.2292,,C,0
1,"Duff Gordon, Lady. (Lucille Christiana Sutherland) (""Mrs Morgan"")",0,48.0,1,0,11755,39.6,A16,C,1
3,"Hansen, Mr. Henry Damsgaard",1,21.0,0,0,350029,7.8542,,S,0
2,"Hocking, Mr. Samuel James Metcalfe",1,36.0,0,0,242963,13.0,,S,0
3,"Davies, Mr. Joseph",1,17.0,2,0,A/4 48873,8.05,,S,0
1,"Fortune, Mr. Mark",1,64.0,1,4,19950,263.0,C23 C25 C27,S,0
3,"Dorking, Mr. Edward Arthur",1,19.0,0,0,A/5. 10482,8.05,,S,1
1,"Clark, Mrs. Walter Miller (Virginia McDowell)",0,26.0,1,0,13508,136.7792,C89,C,1
3,"Hakkarainen, Mrs. Pekka Pietari (Elin Matilda Dolck)",0,24.0,1,0,STON/O2. 3101279,15.85,,S,1
2,"Ponesell, Mr. Martin",1,34.0,0,0,250647,13.0,,S,0
3,"Hansen, Mr. Henrik Juul",1,26.0,1,0,350025,7.8542,,S,0
1,"Kent, Mr. Edward Austin",1,58.0,0,0,11771,29.7,B37,C,0
1,"Daniel, Mr. Robert Williams",1,27.0,0,0,113804,30.5,,S,1
2,"Ridsdale, Miss. Lucy",0,50.0,0,0,W./C. 14258,10.5,,S,1
1,"Widener, Mrs. George Dunton (Eleanor Elkins)",0,50.0,1,1,113503,211.5,C80,C,1
3,"Abbing, Mr. Anthony",1,42.0,0,0,C.A. 5547,7.55,,S,0
3,"Osman, Mrs. Mara",0,31.0,0,0,349244,8.6833,,S,1
2,"Yrois, Miss. Henriette (""Mrs Harbeck"")",0,24.0,0,0,248747,13.0,,S,0
3,"Dean, Miss. Elizabeth Gladys ""Millvina""",0,0.17,1,2,C.A. 2315,20.575,,S,1
2,"Sincock, Miss. Maude",0,20.0,0,0,C.A. 33112,36.75,,S,1
3,"Bourke, Mrs. John (Catherine)",0,32.0,1,1,364849,15.5,,Q,0
3,"Rekic, Mr. Tido",1,38.0,0,0,349249,7.8958,,S,0
2,"Phillips, Miss. Alice Frances Louisa",0,21.0,0,1,S.O./P.P. 2,21.0,,S,1
2,"Jacobsohn, Mr. Sidney Samuel",1,42.0,1,0,243847,27.0,,S,0
2,"Denbury, Mr. Herbert",1,25.0,0,0,C.A. 31029,31.5,,S,0
3,"Sandstrom, Miss. Marguerite Rut",0,4.0,1,1,PP 9549,16.7,G6,S,1
1,"Anderson, Mr. Harry",1,48.0,0,0,19952,26.55,E12,S,1
1,"Peuchen, Major. Arthur Godfrey",1,52.0,0,0,113786,30.5,C104,S,1
2,"Ashby, Mr. John",1,57.0,0,0,244346,13.0,,S,0
3,"Elias, Mr. Joseph",1,39.0,0,2,2675,7.2292,,C,0
2,"Hamalainen, Master. Viljo",1,0.67,1,1,250649,14.5,,S,1
3,"Turja, Miss. Anna Sofia",0,18.0,0,0,4138,9.8417,,S,1
1,"Ryerson, Miss. Susan Parker ""Suzette""",0,21.0,2,2,PC 17608,262.375,B57 B59 B63 B66,C,1
2,"Leyson, Mr. Robert William Norman",1,24.0,0,0,C.A. 29566,10.5,,S,0
2,"Hart, Mrs. Benjamin (Esther Ada Bloomfield)",0,45.0,1,1,F.C.C. 13529,26.25,,S,1
1,"Blank, Mr. Henry",1,40.0,0,0,112277,31.0,A31,C,1
1,"Lindstrom, Mrs. Carl Johan (Sigrid Posse)",0,55.0,0,0,112377,27.7208,,C,1
3,"Nancarrow, Mr. William Henry",1,33.0,0,0,A./5. 3338,8.05,,S,0
3,"Dennis, Mr. Samuel",1,22.0,0,0,A/5 21172,7.25,,S,0
3,"Asplund, Master. Filip Oscar",1,13.0,4,2,347077,31.3875,,S,0
3,"Olsson, Mr. Nils Johan Goransson",1,28.0,0,0,347464,7.8542,,S,0
1,"Carter, Miss. Lucile Polk",0,14.0,1,2,113760,120.0,B96 B98,S,1
3,"Boulos, Master. Akar",1,6.0,1,1,2678,15.2458,,C,0
2,"Bystrom, Mrs. (Karolina)",0,42.0,0,0,236852,13.0,,S,1
2,"Mellors, Mr. William John",1,19.0,0,0,SW/PP 751,10.5,,S,1
3,"Markoff, Mr. Marin",1,35.0,0,0,349213,7.8958,,C,0
3,"Vestrom, Miss. Hulda Amanda Adolfina",0,14.0,0,0,350406,7.8542,,S,0
3,"Karun, Miss. Manca",0,4.0,0,1,349256,13.4167,,C,1
1,"Hippach, Miss. Jean Gertrude",0,16.0,0,1,111361,57.9792,B18,C,1
2,"Brown, Miss. Amelia ""Mildred""",0,24.0,0,0,248733,13.0,F33,S,1
1,"Partner, Mr. Austen",1,45.5,0,0,113043,28.5,C124,S,0
1,"Hogeboom, Mrs. John C (Anna Andrews)",0,51.0,1,0,13502,77.9583,D11,S,1
3,"Markun, Mr. Johann",1,33.0,0,0,349257,7.8958,,S,0
1,"Carrau, Mr. Francisco M",1,28.0,0,0,113059,47.1,,S,0
3,"Petersen, Mr. Marius",1,24.0,0,0,342441,8.05,,S,0
2,"Downton, Mr. William James",1,54.0,0,0,28403,26.0,,S,0
1,"Newell, Mr. Arthur Webster",1,58.0,0,2,35273,113.275,D48,C,0
2,"Richards, Master. William Rowe",1,3.0,1,1,29106,18.75,,S,1
3,"Ilmakangas, Miss. Pieta Sofia",0,25.0,1,0,STON/O2. 3101271,7.925,,S,0
3,"Panula, Master. Urho Abraham",1,2.0,4,1,3101295,39.6875,,S,0
3,"Lemberopolous, Mr. Peter L",1,34.5,0,0,2683,6.4375,,C,0
1,"Greenfield, Mrs. Leo David (Blanche Strouse)",0,45.0,0,1,PC 17759,63.3583,D10 D12,C,1
3,"Thomas, Master. Assad Alexander",1,0.42,0,1,2625,8.5167,,C,1
2,"Ilett, Miss. Bertha",0,17.0,0,0,SO/C 14885,10.5,,S,1
3,"Mineff, Mr. Ivan",1,24.0,0,0,349233,7.8958,,S,0
3,"Palsson, Mrs. Nils (Alma Cornelia Berglund)",0,29.0,0,4,349909,21.075,,S,0
3,"Adams, Mr. John",1,26.0,0,0,341826,8.05,,S,0
1,"Marvin, Mrs. Daniel Warner (Mary Graham Carmichael Farquarson)",0,18.0,1,0,113773,53.1,D30,S,1
3,"Ahlin, Mrs. Johan (Johanna Persdotter Larsson)",0,40.0,1,0,7546,9.475,,S,0
3,"Connolly, Miss. Kate",0,22.0,0,0,370373,7.75,,Q,1
2,"Lehmann, Miss. Bertha",0,17.0,0,0,SC 1748,12.0,,C,1
3,"Hampe, Mr. Leon",1,20.0,0,0,345769,9.5,,S,0
1,"Butt, Major. Archibald Willingham",1,45.0,0,0,113050,26.55,B38,S,0
3,"Skoog, Miss. Mabel",0,9.0,3,2,347088,27.9,,S,0
3,"Touma, Master. Georges Youssef",1,7.0,1,1,2650,15.2458,,C,1
3,"Skoog, Miss. Margit Elizabeth",0,2.0,3,2,347088,27.9,,S,0
2,"Hiltunen, Miss. Marta",0,18.0,1,1,250650,13.0,,S,0
2,"Gill, Mr. John William",1,24.0,0,0,233866,13.0,,S,0
3,"Pekoniemi, Mr. Edvard",1,21.0,0,0,STON/O 2. 3101294,7.925,,S,0
3,"Burns, Miss. Mary Delia",0,18.0,0,0,330963,7.8792,,Q,0
2,"Wells, Mrs. Arthur Henry (""Addie"" Dart Trevaskis)",0,29.0,0,2,29103,23.0,,S,1
3,"Asim, Mr. Adola",1,35.0,0,0,SOTON/O.Q. 3101310,7.05,,S,0
3,"Widegren, Mr. Carl/Charles Peter",1,51.0,0,0,347064,7.75,,S,0
1,"Bazzani, Miss. Albina",0,32.0,0,0,11813,76.2917,D15,C,1
2,"Fillbrook, Mr. Joseph Charles",1,18.0,0,0,C.A. 15185,10.5,,S,0
1,"Potter, Mrs. Thomas Jr (Lily Alexenia Wilson)",0,56.0,0,1,11767,83.1583,C50,C,1
1,"Smith, Mr. Lucien Philip",1,24.0,1,0,13695,60.0,C31,S,0
3,"Emanuel, Miss. Virginia Ethel",0,5.0,0,0,364516,12.475,,S,1
2,"Kvillner, Mr. Johan Henrik Johannesson",1,31.0,0,0,C.A. 18723,10.5,,S,0
1,"Calderhead, Mr. Edward Pennington",1,42.0,0,0,PC 17476,26.2875,E24,S,1
2,"Hickman, Mr. Lewis",1,32.0,2,0,S.O.C. 14879,73.5,,S,0
3,"Elsbury, Mr. William James",1,47.0,0,0,A/5 3902,7.25,,S,0
3,"Dimic, Mr. Jovan",1,42.0,0,0,315088,8.6625,,S,0
3,"Chronopoulos, Mr. Demetrios",1,18.0,1,0,2680,14.4542,,C,0
1,"Guggenheim, Mr. Benjamin",1,46.0,0,0,PC 17593,79.2,B82 B84,C,0
3,"Svensson, Mr. Johan Cervin",1,14.0,0,0,7538,9.225,,S,1
2,"Giles, Mr. Frederick Edward",1,21.0,1,0,28134,11.5,,S,0
1,"Cumings, Mrs. John Bradley (Florence Briggs Thayer)",0,38.0,1,0,PC 17599,71.2833,C85,C,1
2,"Sweet, Mr. George Frederick",1,14.0,0,0,220845,65.0,,S,0
3,"Klasen, Mr. Klas Albin",1,18.0,1,1,350404,7.8542,,S,0
3,"Backstrom, Mrs. Karl Alfred (Maria Mathilda Gustafsson)",0,33.0,3,0,3101278,15.85,,S,1
3,"Lindell, Mrs. Edvard Bengtsson (Elin Gerda Persson)",0,30.0,1,0,349910,15.55,,S,0
3,"de Mulder, Mr. Theodore",1,30.0,0,0,345774,9.5,,S,1
2,"Faunthorpe, Mr. Harry",1,40.0,1,0,2926,26.0,,S,0
1,"Allison, Master. Hudson Trevor",1,0.92,1,2,113781,151.55,C22 C26,S,1
3,"Allen, Mr. William Henry",1,35.0,0,0,373450,8.05,,S,0
1,"Moore, Mr. Clarence Bloomfield",1,47.0,0,0,113796,42.4,,S,0
1,"Tucker, Mr. Gilbert Milligan Jr",1,31.0,0,0,2543,28.5375,C53,C,1
2,"Davies, Mr. Charles Henry",1,18.0,0,0,S.O.C. 14879,73.5,,S,0
1,"Case, Mr. Howard Brown",1,49.0,0,0,19924,26.0,,S,0
3,"Dahlberg, Miss. Gerda Ulrika",0,22.0,0,0,7552,10.5167,,S,0
2,"Jarvis, Mr. John Denzil",1,47.0,0,0,237565,15.0,,S,0
2,"Deacon, Mr. Percy William",1,17.0,0,0,S.O.C. 14879,73.5,,S,0
1,"Spencer, Mr. William Augustus",1,57.0,1,0,PC 17569,146.5208,B78,C,0
2,"Fynney, Mr. Joseph J",1,35.0,0,0,239865,26.0,,S,0
2,"Herman, Miss. Kate",0,24.0,1,2,220845,65.0,,S,1
1,"Brandeis, Mr. Emil",1,48.0,0,0,PC 17591,50.4958,B10,C,0
3,"Abbott, Master. Eugene Joseph",1,13.0,0,2,C.A. 2673,20.25,,S,0
1,"Williams, Mr. Richard Norris II",1,21.0,0,1,PC 17597,61.3792,,C,1
3,"Everett, Mr. Thomas James",1,40.5,0,0,C.A. 6212,15.1,,S,0
3,"Hedman, Mr. Oskar Arvid",1,27.0,0,0,347089,6.975,,S,1
3,"de Messemaeker, Mrs. Guillaume Joseph (Emma)",0,36.0,1,0,345572,17.4,,S,1
2,"Pulbaum, Mr. Franz",1,27.0,0,0,SC/PARIS 2168,15.0333,,C,0
2,"Gilbert, Mr. William",1,47.0,0,0,C.A. 30769,10.5,,S,0
1,"Thayer, Mr. John Borland Jr",1,17.0,0,2,17421,110.8833,C70,C,1
1,"Barkworth, Mr. Algernon Henry Wilson",1,80.0,0,0,27042,30.0,A23,S,1
3,"Naidenoff, Mr. Penko",1,22.0,0,0,349206,7.8958,,S,0
2,"Myles, Mr. Thomas Francis",1,62.0,0,0,240276,9.6875,,Q,0
3,"Assam, Mr. Ali",1,23.0,0,0,SOTON/O.Q. 3101309,7.05,,S,0
2,"Hood, Mr. Ambrose Jr",1,21.0,0,0,S.O.C. 14879,73.5,,S,0
1,"Frolicher-Stehli, Mrs. Maxmillian (Margaretha Emerentia Stehli)",0,48.0,1,1,13567,79.2,B41,C,1
3,"Kalvik, Mr. Johannes Halvorsen",1,21.0,0,0,8475,8.4333,,S,0
3,"Beavan, Mr. William Thomas",1,19.0,0,0,323951,8.05,,S,0
1,"Artagaveytia, Mr. Ramon",1,71.0,0,0,PC 17609,49.5042,,C,0
3,"Baclini, Miss. Helene Barbara",0,0.75,2,1,2666,19.2583,,C,1
2,"Laroche, Miss. Louise",0,1.0,1,2,SC/Paris 2123,41.5792,,C,1
3,"Palsson, Miss. Stina Viola",0,3.0,3,1,349909,21.075,,S,0
1,"Warren, Mr. Frank Manley",1,64.0,1,0,110813,75.25,D37,C,0
2,"Oxenham, Mr. Percy Thomas",1,22.0,0,0,W./C. 14260,10.5,,S,1
2,"Hart, Miss. Eva Miriam",0,7.0,0,2,F.C.C. 13529,26.25,,S,1
3,"Jalsevac, Mr. Ivan",1,29.0,0,0,349240,7.8958,,C,1
1,"Cavendish, Mrs. Tyrell William (Julia Florence Siegel)",0,76.0,1,0,19877,78.85,C46,S,1
1,"Dick, Mrs. Albert Adrian (Vera Gillespie)",0,17.0,1,0,17474,57.0,B20,S,1
3,"Attalah, Mr. Sleiman",1,30.0,0,0,2694,7.225,,C,0
3,"Elias, Mr. Tannous",1,15.0,1,1,2695,7.2292,,C,0
3,"Kelly, Mr. James",1,34.5,0,0,330911,7.8292,,Q,0
1,"Colley, Mr. Edward Pomeroy",1,47.0,0,0,5727,25.5875,E58,S,0
1,"Greenfield, Mr. William Bertram",1,23.0,0,1,PC 17759,63.3583,D10 D12,C,1
3,"Gallagher, Mr. Martin",1,25.0,0,0,36864,7.7417,,Q,0
3,"Thomas, Mrs. Alexander (Thamine ""Thelma"")",0,16.0,1,1,2625,8.5167,,C,1
3,"Johnson, Mr. William Cahoone Jr",1,19.0,0,0,LINE,0.0,,S,0
3,"Salonen, Mr. Johan Werner",1,39.0,0,0,3101296,7.925,,S,0
3,"Sawyer, Mr. Frederick Charles",1,24.5,0,0,342826,8.05,,S,0
1,"Head, Mr. Christopher",1,42.0,0,0,113038,42.5,B11,S,0
3,"Lievens, Mr. Rene Aime",1,24.0,0,0,345781,9.5,,S,0
1,"Appleton, Mrs. Edward Dale (Charlotte Lamson)",0,53.0,2,0,11769,51.4792,C101,S,1
2,"Kirkland, Rev. Charles Leonard",1,57.0,0,0,219533,12.35,,Q,0
3,"Saundercock, Mr. William Henry",1,20.0,0,0,A/5. 2151,8.05,,S,0
1,"Smith, Mrs. Lucien Philip (Mary Eloise Hughes)",0,18.0,1,0,13695,60.0,C31,S,1
2,"Hocking, Miss. Ellen ""Nellie""",0,20.0,2,1,29105,23.0,,S,1
1,"Bishop, Mrs. Dickinson H (Helen Walton)",0,19.0,1,0,11967,91.0792,B49,C,1
1,"Ward, Miss. Anna",0,35.0,0,0,PC 17755,512.3292,,C,1
3,"Rice, Mrs. William (Margaret Norton)",0,39.0,0,5,382652,29.125,,Q,0
2,"Gaskell, Mr. Alfred",1,16.0,0,0,239865,26.0,,S,0
2,"Corbett, Mrs. Walter H (Irene Colvin)",0,30.0,0,0,237249,13.0,,S,0
1,"Rothschild, Mrs. Martin (Elizabeth L. Barrett)",0,54.0,1,0,PC 17603,59.4,,C,1
2,"Milling, Mr. Jacob Christian",1,48.0,0,0,234360,13.0,,S,0
3,"Osen, Mr. Olaf Elon",1,16.0,0,0,7534,9.2167,,S,0
1,"Uruchurtu, Don. Manuel E",1,40.0,0,0,PC 17601,27.7208,,C,0
3,"Andersson, Mrs. Anders Johan (Alfrida Konstantia Brogren)",0,39.0,1,5,347082,31.275,,S,0
1,"Wick, Mr. George Dennick",1,57.0,1,1,36928,164.8667,,S,0
1,"McGough, Mr. James Robert",1,36.0,0,0,PC 17473,26.2875,E25,S,1
2,"Hart, Mr. Benjamin",1,43.0,1,1,F.C.C. 13529,26.25,,S,0
2,"Shelley, Mrs. William (Imanita Parrish Hall)",0,25.0,0,1,230433,26.0,,S,1
3,"Odahl, Mr. Nils Martin",1,23.0,0,0,7267,9.225,,S,0
2,"Kantor, Mr. Sinai",1,34.0,1,0,244367,26.0,,S,0
2,"Hickman, Mr. Leonard Mark",1,24.0,2,0,S.O.C. 14879,73.5,,S,0
3,"Gilinski, Mr. Eliezer",1,22.0,0,0,14973,8.05,,S,0
1,"Lurette, Miss. Elise",0,58.0,0,0,PC 17569,146.5208,B80,C,1
1,"Widener, Mr. George Dunton",1,50.0,1,1,113503,211.5,C80,C,0
3,"Gustafsson, Mr. Karl Gideon",1,19.0,0,0,347069,7.775,,S,0
2,"Phillips, Mr. Escott Robert",1,43.0,0,1,S.O./P.P. 2,21.0,,S,0
3,"Asplund, Master. Edvin Rojj Felix",1,3.0,4,2,347077,31.3875,,S,1
3,"Dika, Mr. Mirko",1,17.0,0,0,349232,7.8958,,S,0
3,"Theobald, Mr. Thomas Leonard",1,34.0,0,0,363294,8.05,,S,0
2,"Troupiansky, Mr. Moses Aaron",1,23.0,0,0,233639,13.0,,S,0
3,"Green, Mr. George Henry",1,51.0,0,0,21440,8.05,,S,0
2,"Greenberg, Mr. Samuel",1,52.0,0,0,250647,13.0,,S,0
2,"Angle, Mr. William A",1,34.0,1,0,226875,26.0,,S,0
3,"Meo, Mr. Alfonzo",1,55.5,0,0,A.5. 11206,8.05,,S,0
2,"Nasser, Mr. Nicholas",1,32.5,1,0,237736,30.0708,,C,0
1,"Pears, Mrs. Thomas (Edith Wearne)",0,22.0,1,0,113776,66.6,C2,S,1
3,"Dyker, Mrs. Adolf Fredrik (Anna Elisabeth Judith Andersson)",0,22.0,1,0,347072,13.9,,S,1
2,"Nasser, Mrs. Nicholas (Adele Achem)",0,14.0,1,0,237736,30.0708,,C,1
1,"Wilson, Miss. Helen Alice",0,31.0,0,0,16966,134.5,E39 E41,C,1
2,"Becker, Mrs. Allen Oliver (Nellie E Baumgardner)",0,36.0,0,3,230136,39.0,F4,S,1
3,"Lindell, Mr. Edvard Bengtsson",1,36.0,1,0,349910,15.55,,S,0
2,"Quick, Miss. Winifred Vera",0,8.0,1,1,26360,26.0,,S,1
3,"Kink-Heilmann, Miss. Luise Gretchen",0,4.0,0,2,315153,22.025,,S,1
3,"Najib, Miss. Adele Kiamie ""Jane""",0,15.0,0,0,2667,7.225,,C,1
2,"Caldwell, Mrs. Albert Francis (Sylvia Mae Harbaugh)",0,22.0,1,1,248738,29.0,,S,1
1,"Borebank, Mr. John James",1,42.0,0,0,110489,26.55,D22,S,0
3,"Harmer, Mr. Abraham (David Lishin)",1,25.0,0,0,374887,7.25,,S,0
3,"Oreskovic, Miss. Jelka",0,23.0,0,0,315085,8.6625,,S,0
3,"Olsvigen, Mr. Thor Anderson",1,20.0,0,0,6563,9.225,,S,0
3,"Yasbeck, Mr. Antoni",1,27.0,1,0,2659,14.4542,,C,0
2,"Mitchell, Mr. Henry Michael",1,70.0,0,0,C.A. 24580,10.5,,S,0
3,"Lovell, Mr. John Hall (""Henry"")",1,20.5,0,0,A/5 21173,7.25,,S,0
3,"Coutts, Master. Eden Leslie ""Neville""",1,9.0,1,1,C.A. 37671,15.9,,S,1
3,"Ibrahim Shawah, Mr. Yousseff",1,30.0,0,0,2685,7.2292,,C,0
3,"Andersson, Miss. Erna Alexandra",0,17.0,4,2,3101281,7.925,,S,1
3,"Buckley, Mr. Daniel",1,21.0,0,0,330920,7.8208,,Q,1
3,"Dean, Master. Bertram Vere",1,1.0,1,2,C.A. 2315,20.575,,S,1
1,"Maguire, Mr. John Edward",1,30.0,0,0,110469,26.0,C106,S,0
1,"Romaine, Mr. Charles Hallace (""Mr C Rolmane"")",1,45.0,0,0,111428,26.55,,S,1
3,"Nakid, Mrs. Said (Waika ""Mary"" Mowad)",0,19.0,1,1,2653,15.7417,,C,1
3,"Rice, Master. George Hugh",1,8.0,4,1,382652,29.125,,Q,0
3,"Adahl, Mr. Mauritz Nils Martin",1,30.0,0,0,C 7076,7.25,,S,0
3,"Tomlin, Mr. Ernest Portage",1,30.5,0,0,364499,8.05,,S,0
2,"Caldwell, Master. Alden Gates",1,0.83,0,2,248738,29.0,,S,1
3,"Zimmerman, Mr. Leo",1,29.0,0,0,315082,7.875,,S,0
1,"Cardeza, Mr. Thomas Drake Martinez",1,36.0,0,1,PC 17755,512.3292,B51 B53 B55,C,1
3,"Touma, Mrs. Darwis (Hanne Youssef Razi)",0,29.0,0,2,2650,15.2458,,C,1
3,"Davies, Mr. Evan",1,22.0,0,0,SC/A4 23568,8.05,,S,0
2,"Hale, Mr. Reginald",1,30.0,0,0,250653,13.0,,S,0
2,"Schmidt, Mr. August",1,26.0,0,0,248659,13.0,,S,0
3,"Peltomaki, Mr. Nikolai Johannes",1,25.0,0,0,STON/O 2. 3101291,7.925,,S,0
1,"Burns, Miss. Elizabeth Margaret",0,41.0,0,0,16966,134.5,E40,C,1
3,"Pettersson, Miss. Ellen Natalia",0,18.0,0,0,347087,7.775,,S,0
2,"Turpin, Mr. William John Robert",1,29.0,1,0,11668,21.0,,S,0
3,"Soholt, Mr. Peter Andreas Lauritz Andersen",1,19.0,0,0,348124,7.65,F G73,S,0
2,"McKane, Mr. Peter David",1,46.0,0,0,28403,26.0,,S,0
1,"Young, Miss. Marie Grice",0,36.0,0,0,PC 17760,135.6333,C32,C,1
3,"Canavan, Mr. Patrick",1,21.0,0,0,364858,7.75,,Q,0
3,"Barton, Mr. David John",1,22.0,0,0,324669,8.05,,S,0
2,"Ball, Mrs. (Ada E Hall)",0,36.0,0,0,28551,13.0,D,S,1
2,"Jerwan, Mrs. Amin S (Marie Marthe Thuillard)",0,23.0,0,0,SC/AH Basle 541,13.7917,D,C,1
1,"Maioni, Miss. Roberta",0,16.0,0,0,110152,86.5,B79,S,1
3,"Van Impe, Miss. Catharina",0,10.0,0,2,345773,24.15,,S,0
1,"Astor, Col. John Jacob",1,47.0,1,0,PC 17757,227.525,C62 C64,C,0
3,"Goodwin, Miss. Jessie Allis",0,10.0,5,2,CA 2144,46.9,,S,0
3,"McGowan, Miss. Katherine",0,35.0,0,0,9232,7.75,,Q,0
3,"Johansson, Mr. Nils",1,29.0,0,0,347467,7.8542,,S,0
3,"Turcin, Mr. Stjepan",1,36.0,0,0,349247,7.8958,,S,0
3,"Rintamaki, Mr. Matti",1,35.0,0,0,STON/O 2. 3101273,7.125,,S,0
2,"Laroche, Miss. Simonne Marie Anne Andree",0,3.0,1,2,SC/Paris 2123,41.5792,,C,1
1,"Chambers, Mr. Norman Campbell",1,27.0,1,0,113806,53.1,E8,S,1
3,"Hellstrom, Miss. Hilda Maria",0,22.0,0,0,7548,8.9625,,S,1
2,"Pinsky, Mrs. (Rosa)",0,32.0,0,0,234604,13.0,,S,1
2,"Herman, Mrs. Samuel (Jane Laver)",0,48.0,1,2,220845,65.0,,S,1
3,"Panula, Master. Juha Niilo",1,7.0,4,1,3101295,39.6875,,S,0
3,"Fischer, Mr. Eberhard Thelander",1,18.0,0,0,350036,7.7958,,S,0
3,"Torber, Mr. Ernst William",1,44.0,0,0,364511,8.05,,S,0
2,"Pengelly, Mr. Frederick William",1,19.0,0,0,28665,10.5,,S,0
3,"Connolly, Miss. Kate",0,30.0,0,0,330972,7.6292,,Q,0
3,"Coleff, Mr. Satio",1,24.0,0,0,349209,7.4958,,S,0
3,"Touma, Miss. Maria Youssef",0,9.0,1,1,2650,15.2458,,C,1
3,"Braund, Mr. Lewis Richard",1,29.0,1,0,3460,7.0458,,S,0
1,"White, Mrs. John Stuart (Ella Holmes)",0,55.0,0,0,PC 17760,135.6333,C32,C,1
3,"Wittevrongel, Mr. Camille",1,36.0,0,0,345771,9.5,,S,0
3,"Makinen, Mr. Kalle Edvard",1,29.0,0,0,STON/O 2. 3101268,7.925,,S,0
1,"Gibson, Mrs. Leonard (Pauline C Boeson)",0,45.0,0,1,112378,59.4,,C,1
2,"Harris, Mr. George",1,62.0,0,0,S.W./PP 752,10.5,,S,1
2,"Turpin, Mrs. William John Robert (Dorothy Ann Wonnacott)",0,27.0,1,0,11668,21.0,,S,0
3,"Oreskovic, Mr. Luka",1,20.0,0,0,315094,8.6625,,S,0
1,"Lines, Miss. Mary Conover",0,16.0,0,1,PC 17592,39.4,D28,S,1
1,"Loring, Mr. Joseph Holland",1,30.0,0,0,113801,45.5,,S,0
1,"Endres, Miss. Caroline Louise",0,38.0,0,0,PC 17757,227.525,C45,C,1
3,"Lindqvist, Mr. Eino William",1,20.0,1,0,STON/O 2. 3101285,7.925,,S,1
1,"Cavendish, Mr. Tyrell William",1,36.0,1,0,19877,78.85,C46,S,0
3,"Buckley, Miss. Katherine",0,18.5,0,0,329944,7.2833,,Q,0
2,"Carbines, Mr. William",1,19.0,0,0,28424,13.0,,S,0
2,"Mallet, Mrs. Albert (Antoinette Magnin)",0,24.0,1,1,S.C./PARIS 2079,37.0042,,C,1
3,"Carlsson, Mr. Carl Robert",1,24.0,0,0,350409,7.8542,,S,0
3,"Asplund, Mrs. Carl Oscar (Selma Augusta Emilia Johansson)",0,38.0,1,5,347077,31.3875,,S,1
3,"Vendel, Mr. Olof Edvin",1,20.0,0,0,350416,7.8542,,S,0
3,"Danbom, Master. Gilbert Sigvard Emanuel",1,0.33,0,2,347080,14.4,,S,0
2,"Sobey, Mr. Samuel James Hayden",1,25.0,0,0,C.A. 29178,13.0,,S,0
1,"Crosby, Miss. Harriet R",0,36.0,0,2,WE/P 5735,71.0,B22,S,1
2,"Stokes, Mr. Philip Joseph",1,25.0,0,0,F.C.C. 13540,10.5,,S,0
3,"Hendekovic, Mr. Ignjac",1,28.0,0,0,349243,7.8958,,S,0
3,"Gilnagh, Miss. Katherine ""Katie""",0,16.0,0,0,35851,7.7333,,Q,1
2,"Drew, Mr. James Vivian",1,42.0,1,1,28220,32.5,,S,0
1,"Ryerson, Mr. Arthur Larned",1,61.0,1,3,PC 17608,262.375,B57 B59 B63 B66,C,0
3,"Dahl, Mr. Karl Edwart",1,45.0,0,0,7598,8.05,,S,1
1,"Wick, Mrs. George Dennick (Mary Hitchcock)",0,45.0,1,1,36928,164.8667,,S,1
3,"Ford, Mrs. Edward (Margaret Ann Watson)",0,48.0,1,3,W./C. 6608,34.375,,S,0
1,"Fortune, Miss. Mabel Helen",0,23.0,3,2,19950,263.0,C23 C25 C27,S,1
1,"Ryerson, Master. John Borie",1,13.0,2,2,PC 17608,262.375,B57 B59 B63 B66,C,1
2,"Parrish, Mrs. (Lutie Davis)",0,50.0,0,1,230433,26.0,,S,1
1,"Silvey, Mrs. William Baird (Alice Munger)",0,39.0,1,0,13507,55.9,E44,S,1
3,"Rosblom, Mrs. Viktor (Helena Wilhelmina)",0,41.0,0,2,370129,20.2125,,S,0
3,"Palsson, Miss. Torborg Danira",0,8.0,3,1,349909,21.075,,S,0
1,"Snyder, Mr. John Pillsbury",1,24.0,1,0,21228,82.2667,B45,S,1
2,"Ware, Mr. William Jeffery",1,23.0,1,0,28666,10.5,,S,0
1,"Frolicher, Miss. Hedwig Margaritha",0,22.0,0,2,13568,49.5,B39,C,1
2,"West, Miss. Barbara J",0,0.92,1,2,C.A. 34651,27.75,,S,1
1,"Baxter, Mr. Quigg Edmond",1,24.0,0,1,PC 17558,247.5208,B58 B60,C,0
3,"Vovk, Mr. Janko",1,22.0,0,0,349252,7.8958,,S,0
2,"Richards, Master. George Sibley",1,0.83,1,1,29106,18.75,,S,1
3,"Albimona, Mr. Nassef Cassem",1,26.0,0,0,2699,18.7875,,C,1
3,"Culumovic, Mr. Jeso",1,17.0,0,0,315090,8.6625,,S,0
2,"Brown, Mr. Thomas William Solomon",1,60.0,1,1,29750,39.0,,S,0
2,"Nesson, Mr. Israel",1,26.0,0,0,244368,13.0,F2,S,0
3,"Rosblom, Mr. Viktor Richard",1,18.0,1,1,370129,20.2125,,S,0
3,"Kink-Heilmann, Mrs. Anton (Luise Heilmann)",0,26.0,1,1,315153,22.025,,S,1
2,"Kantor, Mrs. Sinai (Miriam Sternin)",0,24.0,1,0,244367,26.0,,S,1
1,"Douglas, Mrs. Frederick Charles (Mary Helene Baxter)",0,27.0,1,1,PC 17558,247.5208,B58 B60,C,1
3,"Reynolds, Mr. Harold J",1,21.0,0,0,342684,8.05,,S,0
3,"Jensen, Mr. Hans Peder",1,20.0,0,0,350050,7.8542,,S,0
1,"Lesurer, Mr. Gustave J",1,35.0,0,0,PC 17755,512.3292,B101,C,1
3,"Vande Walle, Mr. Nestor Cyriel",1,28.0,0,0,345770,9.5,,S,0
2,"Harper, Rev. John",1,28.0,0,1,248727,33.0,,S,0
2,"Pallas y Castello, Mr. Emilio",1,29.0,0,0,SC/PARIS 2147,13.8583,,C,1
3,"Kink, Mr. Vincenz",1,26.0,2,0,315151,8.6625,,S,0
3,"Skoog, Master. Harald",1,4.0,3,2,347088,27.9,,S,0
1,"Kenyon, Mr. Frederick R",1,41.0,1,0,17464,51.8625,D21,S,0
1,"Crosby, Capt. Edward Gifford",1,70.0,1,1,WE/P 5735,71.0,B22,S,0
1,"Smith, Mr. James Clinch",1,56.0,0,0,17764,30.6958,A7,C,0
1,"Compton, Mr. Alexander Taylor Jr",1,37.0,1,1,PC 17756,83.1583,E52,C,0
3,"Storey, Mr. Thomas",1,60.5,0,0,3701,24.25,,S,0
2,"Hold, Mrs. Stephen (Annie Margaret Hill)",0,29.0,1,0,26707,26.0,,S,1
3,"Johnson, Miss. Eleanor Ileen",0,1.0,1,1,347742,11.1333,,S,1
3,"Karlsson, Mr. Julius Konrad Eugen",1,33.0,0,0,347465,7.8542,,S,0
2,"Ware, Mrs. John James (Florence Louise Long)",0,31.0,0,0,CA 31352,21.0,,S,1
1,"Daniels, Miss. Sarah",0,33.0,0,0,113781,151.55,,S,1
